body,volume_m3
Panel_5_bottom,2.0000000000000005E-05
Panel_6_top,2.0000000000000022E-05
Panel_1_minusX,1.9200000000000003E-05
Panel_2_plusX_nadir,1.9200000000000019E-05
Panel_3_minusY,1.8432000000000002E-05
Panel_4_plusY,1.8432000000000016E-05
Frame_vertical_1,2.3999999999999995E-06
Frame_vertical_2,2.400000000000002E-06
Frame_vertical_3,2.400000000000002E-06
Frame_vertical_4,2.4000000000000046E-06
Frame_X_5,2.1499999999999997E-06
Frame_X_6,2.1500000000000019E-06
Frame_Y_7,2.1499999999999997E-06
Frame_Y_8,2.1500000000000019E-06
Frame_X_9,2.1500000000000019E-06
Frame_X_10,2.1500000000000036E-06
Frame_Y_11,2.1500000000000014E-06
Frame_Y_12,2.1500000000000036E-06
Bolt_1,2.4000000000000016E-06
Bolt_2,2.4000000000000029E-06
Bolt_3,2.4000000000000029E-06
Bolt_4,2.4000000000000046E-06
PCB_1,1.5967999999999966E-05
PCB_2,1.5968000000000021E-05
PCB_3,1.5968000000000017E-05
PCB_4,1.5968000000000017E-05
Battery,3.24E-05
