time_s,panel1,panel2,panel3,panel4,panel5,panel6
1.000000000000000000e+01,1.366940253633011025e+03,5.674371995549167877e+02,1.863894087920077709e+02,1.820516989001633306e+02,1.820516989001633306e+02,1.820516989001633306e+02
2.000000000000000000e+01,1.366910540909664633e+03,5.674371995549167877e+02,1.820577181955898709e+02,1.930496512130675626e+02,1.820516989001633306e+02,1.820516989001633306e+02
3.000000000000000000e+01,1.366701388015761950e+03,5.673873490474401251e+02,1.820319465662742289e+02,2.084050793611090739e+02,1.820316431309777556e+02,1.820316431309777556e+02
4.000000000000000000e+01,1.366313648712866097e+03,5.672878353609379474e+02,1.820019104230921414e+02,2.237150173131692554e+02,1.820019103831813538e+02,1.820019103831813538e+02
5.000000000000000000e+01,1.365766647785656460e+03,5.671388747320297625e+02,1.819621669047137971e+02,2.389955297841657966e+02,1.819621669047137971e+02,1.819621669047137971e+02
6.000000000000000000e+01,1.365041077332758960e+03,5.669498933165538119e+02,1.818827109665749902e+02,2.542560312432611340e+02,1.818827109665749902e+02,1.818827109665749902e+02
7.000000000000000000e+01,1.364136631878370508e+03,5.667115017848848311e+02,1.818229112737818980e+02,2.695071247362668032e+02,1.818229112737818980e+02,1.818229112737818980e+02
8.000000000000000000e+01,1.363060415718724016e+03,5.664423438854054211e+02,1.817335403992227896e+02,2.847582035384811547e+02,1.817332368795765660e+02,1.817332368795765660e+02
9.000000000000000000e+01,1.361827767840863544e+03,5.661143913776494401e+02,1.816340297835640456e+02,2.999489255057831087e+02,1.816340294741103207e+02,1.816340294741103207e+02
1.000000000000000000e+02,1.360416251689014189e+03,5.657367148728947086e+02,1.815046453385653251e+02,3.151002279001205579e+02,1.815046453385653251e+02,1.815046453385653251e+02
1.100000000000000000e+02,1.358821690109190058e+03,5.653179155990154641e+02,1.813752288625374263e+02,3.302709269731497557e+02,1.813752288625374263e+02,1.813752288625374263e+02
1.200000000000000000e+02,1.357072008919987638e+03,5.648707108005266946e+02,1.812359703805114464e+02,3.453624202475220955e+02,1.812359703805114464e+02,1.812359703805114464e+02
1.300000000000000000e+02,1.355143424600692015e+03,5.643734737707408158e+02,1.810669957853513097e+02,3.604238941831161469e+02,1.810669957853513097e+02,1.810669957853513097e+02
1.400000000000000000e+02,1.353045964308878638e+03,5.638168190357481535e+02,1.809080038413943043e+02,3.754359609023046573e+02,1.809080038413943043e+02,1.809080038413943043e+02
1.500000000000000000e+02,1.350763523127273402e+03,5.632288388449769627e+02,1.807185403192648891e+02,3.904782891168844117e+02,1.807185403192648891e+02,1.807185403192648891e+02
1.600000000000000000e+02,1.348327867651800489e+03,5.625926195661780866e+02,1.805098046308650339e+02,4.054205136182712295e+02,1.805098046308650339e+02,1.805098046308650339e+02
1.700000000000000000e+02,1.345713337376660775e+03,5.619066790568141414e+02,1.803010686055188785e+02,4.203230206890282261e+02,1.803010686055188785e+02,1.803010686055188785e+02
1.800000000000000000e+02,1.342932384099402498e+03,5.611690191864743156e+02,1.800717071003720662e+02,4.352059988555703853e+02,1.800717071003720662e+02,1.800717071003720662e+02
1.900000000000000000e+02,1.339989448858330434e+03,5.603935405806824974e+02,1.798132142317747935e+02,4.500289872136181089e+02,1.798132142317747935e+02,1.798132142317747935e+02
2.000000000000000000e+02,1.336867847827847072e+03,5.595983450371797971e+02,1.795647315007846316e+02,4.647825112834227639e+02,1.795647315007846316e+02,1.795647315007846316e+02
2.100000000000000000e+02,1.333587377551289137e+03,5.587234250341365396e+02,1.792865448687972787e+02,4.794860072120853260e+02,1.792862417482756996e+02,1.792862417482756996e+02
2.200000000000000000e+02,1.330118696615101044e+03,5.578263220274244532e+02,1.789875415716706755e+02,4.941994875964869038e+02,1.789872380658412681e+02,1.789872380658412681e+02
2.300000000000000000e+02,1.326499796454739453e+03,5.568818521918102533e+02,1.786990125598913437e+02,5.088037278814611000e+02,1.786990124494475936e+02,1.786990124494475936e+02
2.400000000000000000e+02,1.322711966581719707e+03,5.558976520288025540e+02,1.783810649087442926e+02,5.233582294359580374e+02,1.783810649087442926e+02,1.783810649087442926e+02
2.500000000000000000e+02,1.318755569405610686e+03,5.548637342521759592e+02,1.780528022339041456e+02,5.378533115574630301e+02,1.780528022339041456e+02,1.780528022339041456e+02
2.600000000000000000e+02,1.314639993417194546e+03,5.537803980682656402e+02,1.777148371952839909e+02,5.522886678607976592e+02,1.777148371952839909e+02,1.777148371952839909e+02
2.700000000000000000e+02,1.310334391951468433e+03,5.526540994696553071e+02,1.773562519188290594e+02,5.667020411399507793e+02,1.773562519188290594e+02,1.773562519188290594e+02
2.800000000000000000e+02,1.305880639113348479e+03,5.514909043364957597e+02,1.769882391204046428e+02,5.810181160110109886e+02,1.769882391204046428e+02,1.769882391204046428e+02
2.900000000000000000e+02,1.301268027729544883e+03,5.502879946472937718e+02,1.766005261226660821e+02,5.952644428206733664e+02,1.766005261226660821e+02,1.766005261226660821e+02
3.000000000000000000e+02,1.296463387320165793e+03,5.490320106706419665e+02,1.762020300147684111e+02,6.094797416010738971e+02,1.762017264257565614e+02,1.762017264257565614e+02
3.100000000000000000e+02,1.291522603887162177e+03,5.477198299339876257e+02,1.757942673262055280e+02,6.235967364395019104e+02,1.757942670859311249e+02,1.757942670859311249e+02
3.200000000000000000e+02,1.286422653597982617e+03,5.463976407722601607e+02,1.753667988456218438e+02,6.376342970959231025e+02,1.753667988456218438e+02,1.753667988456218438e+02
3.300000000000000000e+02,1.281153840626534020e+03,5.450157648699384936e+02,1.749293177889240951e+02,6.516027249068939682e+02,1.749293177889240951e+02,1.749293177889240951e+02
3.400000000000000000e+02,1.275711259500409369e+03,5.435903225734085709e+02,1.744809330187476348e+02,6.655384615879098646e+02,1.744809330187476348e+02,1.744809330187476348e+02
3.500000000000000000e+02,1.270114259945705498e+03,5.421188664357861171e+02,1.740036992855532958e+02,6.793575437695274104e+02,1.740036992855532958e+02,1.740036992855532958e+02
3.600000000000000000e+02,1.264368095416142069e+03,5.406176947653531215e+02,1.735364607280314431e+02,6.931068832098754910e+02,1.735364607280314431e+02,1.735364607280314431e+02
3.700000000000000000e+02,1.258427119679528914e+03,5.390726635453142990e+02,1.730379069450678173e+02,7.068135073258208649e+02,1.730379069450678173e+02,1.730379069450678173e+02
3.800000000000000000e+02,1.252362852710605921e+03,5.374919735859342609e+02,1.725309332556006723e+02,7.203837761364060270e+02,1.725309332556006723e+02,1.725309332556006723e+02
3.900000000000000000e+02,1.246139370582277479e+03,5.358615478434255692e+02,1.720139517561136984e+02,7.339046124308327990e+02,1.720139517561136984e+02,1.720139517561136984e+02
4.000000000000000000e+02,1.239747022192191480e+03,5.341817038926430996e+02,1.714872684192820884e+02,7.473160267476469016e+02,1.714869653692934435e+02,1.714869653692934435e+02
4.100000000000000000e+02,1.233188737118610561e+03,5.324573463424188731e+02,1.709388583018310328e+02,7.606924294504337922e+02,1.709388583018310328e+02,1.709388583018310328e+02
4.200000000000000000e+02,1.226487946630536499e+03,5.307076651532164533e+02,1.703821277691127420e+02,7.739347278491015913e+02,1.703821277691127420e+02,1.703821277691127420e+02
4.300000000000000000e+02,1.219638289999296148e+03,5.289179629234887443e+02,1.698056899058327360e+02,7.870975905461206139e+02,1.698056899058327360e+02,1.698056899058327360e+02
4.400000000000000000e+02,1.212610852466546248e+03,5.270738890257291587e+02,1.692273684707073755e+02,8.001863754724098499e+02,1.692273684707073755e+02,1.692273684707073755e+02
4.500000000000000000e+02,1.205452845132256016e+03,5.252049734499555598e+02,1.686208810947379391e+02,8.131798896548220910e+02,1.686208810947379391e+02,1.686208810947379391e+02
4.600000000000000000e+02,1.198145587570297039e+03,5.232762971122900808e+02,1.680045347098269986e+02,8.260544890216931435e+02,1.680045347098269986e+02,1.680045347098269986e+02
4.700000000000000000e+02,1.190679768982221958e+03,5.213376091199298799e+02,1.673881869838230614e+02,8.388393436195864297e+02,1.673881869838230614e+02,1.673881869838230614e+02
4.800000000000000000e+02,1.183053963884992982e+03,5.193241349174354582e+02,1.667511438792577962e+02,8.515691378727117353e+02,1.667511438792577962e+02,1.667511438792577962e+02
4.900000000000000000e+02,1.175279457127005799e+03,5.172862281118392502e+02,1.661140683073363391e+02,8.641554954475445811e+02,1.661140683073363391e+02,1.661140683073363391e+02
5.000000000000000000e+02,1.167376047206032354e+03,5.152182944518064005e+02,1.654578300160633546e+02,8.766420668091478774e+02,1.654578300160633546e+02,1.654578300160633546e+02
5.100000000000000000e+02,1.159323479796594029e+03,5.131106474232670962e+02,1.647818852992513996e+02,8.890395004360640314e+02,1.647818852992513996e+02,1.647818852992513996e+02
5.200000000000000000e+02,1.151112056849274722e+03,5.109732786544894338e+02,1.640859311185802483e+02,9.013175128525234641e+02,1.640859311185802483e+02,1.640859311185802483e+02
5.300000000000000000e+02,1.142748719528643960e+03,5.087603196064934536e+02,1.633980869245740450e+02,9.135290643221768505e+02,1.633980869245740450e+02,1.633980869245740450e+02
5.400000000000000000e+02,1.134248556877508690e+03,5.065534185569715646e+02,1.626923978813856877e+02,9.255884974652793744e+02,1.626920946323870396e+02,1.626920946323870396e+02
5.500000000000000000e+02,1.125609539693185752e+03,5.042968232707619336e+02,1.619667001011764285e+02,9.375681598347141517e+02,1.619663964888090959e+02,1.619663964888090959e+02
5.600000000000000000e+02,1.116807763929511339e+03,5.019840023449721116e+02,1.612290075866515906e+02,9.494508719045708176e+02,1.612290075866515906e+02,1.612290075866515906e+02
5.700000000000000000e+02,1.107890063358291172e+03,4.996378458275275989e+02,1.604832617286562026e+02,9.611919699349060693e+02,1.604832617286562026e+02,1.604832617286562026e+02
5.800000000000000000e+02,1.098833195622328276e+03,4.972716783452181630e+02,1.597178081022331355e+02,9.728136085689259289e+02,1.597178081022331355e+02,1.597178081022331355e+02
5.900000000000000000e+02,1.089637471978367103e+03,4.948561120810382477e+02,1.589623398662071168e+02,9.843360945352869749e+02,1.589620368867514344e+02,1.589620368867514344e+02
6.000000000000000000e+02,1.080268249641899729e+03,4.924041322943393197e+02,1.581848825080807330e+02,9.957694734313040499e+02,1.581848824486900185e+02,1.581848824486900185e+02
6.100000000000000000e+02,1.070803849101513151e+03,4.899187238080490943e+02,1.573893833210933622e+02,1.007053080431446688e+03,1.573893833210933622e+02,1.573893833210933622e+02
6.200000000000000000e+02,1.061190295414645561e+03,4.873936001975704926e+02,1.565841808064708118e+02,1.018227535319699768e+03,1.565841808064708118e+02,1.565841808064708118e+02
6.300000000000000000e+02,1.051431360177999750e+03,4.848516141882216175e+02,1.557667759573424178e+02,1.029302796613775627e+03,1.557667758521581334e+02,1.557667758521581334e+02
6.400000000000000000e+02,1.041559481118823896e+03,4.822666855022489472e+02,1.549318318559577961e+02,1.040218659195067858e+03,1.549315283553878544e+02,1.549315283553878544e+02
6.500000000000000000e+02,1.031548091609016183e+03,4.796420266662050835e+02,1.541065928293997729e+02,1.051025339684561459e+03,1.541065925006207920e+02,1.541065925006207920e+02
6.600000000000000000e+02,1.021417848562605741e+03,4.769779545258388112e+02,1.532616580509219091e+02,1.061702570485952720e+03,1.532613549843152327e+02,1.532613549843152327e+02
6.700000000000000000e+02,1.011148165807308260e+03,4.742835546816990018e+02,1.523967138265564643e+02,1.072251252657694295e+03,1.523967130638141896e+02,1.523967130638141896e+02
6.800000000000000000e+02,1.000721681654404733e+03,4.715524285194188678e+02,1.515294102374781460e+02,1.082698161099790468e+03,1.515294102374781460e+02,1.515294102374781460e+02
6.900000000000000000e+02,9.902036198472087563e+02,4.687885142777429337e+02,1.506447187143554345e+02,1.093007913903504232e+03,1.506444154833284301e+02,1.506444154833284301e+02
7.000000000000000000e+02,9.795374402860151122e+02,4.659973700470951599e+02,1.497573222274417049e+02,1.103205438495854196e+03,1.497573222274417049e+02,1.497573222274417049e+02
7.100000000000000000e+02,9.687705448128184571e+02,4.631642639335414628e+02,1.488525971853469514e+02,1.113236600108274160e+03,1.488525971853469514e+02,1.488525971853469514e+02
7.200000000000000000e+02,9.578744029315952275e+02,4.603208423789715198e+02,1.479380117952219962e+02,1.123148527358359615e+03,1.479380117952219962e+02,1.479380117952219962e+02
7.300000000000000000e+02,9.468691168027161211e+02,4.574276995560251180e+02,1.470234264050970410e+02,1.132911290803315296e+03,1.470234264050970410e+02,1.470234264050970410e+02
7.400000000000000000e+02,9.357346909904343875e+02,4.545148286617393865e+02,1.460889970377653810e+02,1.142554883660407086e+03,1.460889970377653810e+02,1.460889970377653810e+02
7.500000000000000000e+02,9.244614944949598794e+02,4.515448642012796654e+02,1.451420879929533783e+02,1.152074394961643293e+03,1.451420879929533783e+02,1.451420879929533783e+02
7.600000000000000000e+02,9.130984499095861793e+02,4.485721968691802886e+02,1.441775985300519665e+02,1.161439339607481315e+03,1.441775985300519665e+02,1.441775985300519665e+02
7.700000000000000000e+02,9.016159606584382118e+02,4.455498202841081934e+02,1.432331092779429866e+02,1.170675123867539696e+03,1.432331092779429866e+02,1.432331092779429866e+02
7.800000000000000000e+02,8.900140191160987797e+02,4.425077079780314762e+02,1.422589567892858327e+02,1.179762066653519923e+03,1.422589567892858327e+02,1.422589567892858327e+02
7.900000000000000000e+02,8.782717590256480662e+02,4.394376639361867660e+02,1.412621073616981562e+02,1.188734173307933816e+03,1.412621073616981562e+02,1.412621073616981562e+02
8.000000000000000000e+02,8.664609092622530397e+02,4.363357631159860830e+02,1.402778873030716511e+02,1.197532410378966006e+03,1.402778873030716511e+02,1.402778873030716511e+02
8.100000000000000000e+02,8.544991101561637379e+02,4.331957160891864191e+02,1.392812893727177368e+02,1.206214922088713593e+03,1.392809860113094373e+02,1.392809860113094373e+02
8.200000000000000000e+02,8.424920200649797835e+02,4.300428034650713016e+02,1.382697551210462450e+02,1.214722037100901389e+03,1.382697543424233686e+02,1.382697543424233686e+02
8.300000000000000000e+02,8.303209066148535840e+02,4.268432182494282756e+02,1.372530906418977850e+02,1.223125562433390314e+03,1.372530906418977850e+02,1.372530906418977850e+02
8.400000000000000000e+02,8.180728808900443028e+02,4.236320883571406739e+02,1.362191295604694972e+02,1.231357389123973689e+03,1.362191295604694972e+02,1.362191295604694972e+02
8.500000000000000000e+02,8.057254264580540166e+02,4.203909549838289195e+02,1.351851580860804063e+02,1.239440341655968950e+03,1.351851580860804063e+02,1.351851580860804063e+02
8.600000000000000000e+02,7.932588488685521497e+02,4.171204125067015980e+02,1.341411949016518861e+02,1.247364139102449371e+03,1.341411949016518861e+02,1.341411949016518861e+02
8.700000000000000000e+02,7.806690547241925060e+02,4.138109931227570542e+02,1.330846998252181663e+02,1.255179652019661262e+03,1.330846998252181663e+02,1.330846998252181663e+02
8.800000000000000000e+02,7.680232747696877595e+02,4.104903392482744948e+02,1.320210011577447631e+02,1.262805035331728277e+03,1.320210011577447631e+02,1.320210011577447631e+02
8.900000000000000000e+02,7.552351199811541846e+02,4.071312491431322655e+02,1.309344824556735603e+02,1.270310669358728546e+03,1.309344824556735603e+02,1.309344824556735603e+02
9.000000000000000000e+02,7.424002815854514665e+02,4.037611331990261192e+02,1.298607661857607525e+02,1.277647679970568561e+03,1.298607661857607525e+02,1.298607661857607525e+02
9.100000000000000000e+02,7.294562551154579069e+02,4.003609905344900426e+02,1.287870499158479163e+02,1.284825761274274328e+03,1.287870499158479163e+02,1.287870499158479163e+02
9.200000000000000000e+02,7.164227848296175125e+02,3.969411380375947260e+02,1.276936332363279973e+02,1.291844674011038933e+03,1.276936332363279973e+02,1.276936332363279973e+02
9.300000000000000000e+02,7.032649026476591416e+02,3.934815897723931926e+02,1.265672007340103846e+02,1.298743156607936271e+03,1.265672006649548109e+02,1.265672006649548109e+02
9.400000000000000000e+02,6.900977101571604635e+02,3.900219721895121552e+02,1.254766923753432764e+02,1.305435682655938081e+03,1.254763897235022938e+02,1.254763897235022938e+02
9.500000000000000000e+02,6.767603652035716095e+02,3.865230467761917339e+02,1.243503082455940216e+02,1.312015243156645056e+03,1.243503078798896553e+02,1.243503078798896553e+02
9.600000000000000000e+02,6.633691638389763057e+02,3.830036847488128160e+02,1.232268314956535846e+02,1.318417705304628953e+03,1.232268314956535846e+02,1.232268314956535846e+02
9.700000000000000000e+02,6.498720701134626552e+02,3.794551024987728738e+02,1.220903187926879525e+02,1.324668335164452856e+03,1.220903187926879525e+02,1.220903187926879525e+02
9.800000000000000000e+02,6.363215220029464945e+02,3.758859591816622583e+02,1.209471249794549692e+02,1.330762638276557709e+03,1.209471249794549692e+02,1.209471249794549692e+02
9.900000000000000000e+02,6.226815313427259753e+02,3.723168158645516996e+02,1.198039311662219859e+02,1.336687758531933696e+03,1.198039311662219859e+02,1.198039311662219859e+02
1.000000000000000000e+03,6.089720996080529858e+02,3.687179806934347539e+02,1.186507390756195406e+02,1.342454309471429497e+03,1.186507390756195406e+02,1.186507390756195406e+02
1.010000000000000000e+03,5.951562137790707538e+02,3.650796834259904244e+02,1.174844163577830471e+02,1.348066741541954570e+03,1.174844163577830471e+02,1.174844163577830471e+02
1.020000000000000000e+03,5.812874101417851307e+02,3.614210408667941579e+02,1.163211980786496156e+02,1.353504821019268320e+03,1.163211980786496156e+02,1.163211980786496156e+02
1.030000000000000000e+03,5.673494837765782677e+02,3.577723996141489806e+02,1.151382759060037273e+02,1.358774029527156927e+03,1.151379727634812866e+02,1.151379727634812866e+02
1.040000000000000000e+03,5.532941326988138826e+02,3.540742784998390107e+02,1.139518588175701836e+02,1.363917764853235667e+03,1.139518586890314538e+02,1.139518586890314538e+02
1.050000000000000000e+03,5.392165868033760034e+02,3.503760806281175064e+02,1.127789322565407986e+02,1.368868874152107537e+03,1.127786287326163972e+02,1.127786287326163972e+02
1.060000000000000000e+03,5.250695836180452716e+02,3.466579759813635633e+02,1.115856841303463369e+02,1.373650738176917685e+03,1.115856838249217731e+02,1.115856838249217731e+02
1.070000000000000000e+03,5.108531525781899063e+02,3.429198615924511273e+02,1.103730323209646258e+02,1.378274036800913791e+03,1.103730323209646258e+02,1.103730323209646258e+02
1.080000000000000000e+03,4.965397711955008049e+02,3.391519937642452192e+02,1.091769371520524601e+02,1.382749466503088570e+03,1.091766335396851559e+02,1.091766335396851559e+02
1.090000000000000000e+03,4.822040358268510545e+02,3.353840746510078930e+02,1.079739744478409875e+02,1.387034622930398427e+03,1.079736708354736692e+02,1.079736708354736692e+02
1.100000000000000000e+03,4.677985576333161362e+02,3.315964973992037130e+02,1.067610051644068534e+02,1.391160280549491745e+03,1.067610047817129555e+02,1.067610047817129555e+02
1.110000000000000000e+03,4.533336508383723640e+02,3.277889105667479157e+02,1.055380309936393957e+02,1.395117375947307210e+03,1.055380309936393957e+02,1.055380309936393957e+02
1.120000000000000000e+03,4.387699836513721721e+02,3.239611804200923189e+02,1.043120610817689595e+02,1.398915477537335391e+03,1.043120610817689595e+02,1.043120610817689595e+02
1.130000000000000000e+03,4.241954761595228547e+02,3.201334104303811046e+02,1.030793656583749822e+02,1.402534378459442905e+03,1.030792139613281080e+02,1.030792139613281080e+02
1.140000000000000000e+03,4.095712475759599442e+02,3.162760627914234988e+02,1.018466702063671363e+02,1.405974404123662680e+03,1.018463668116274192e+02,1.018463668116274192e+02
1.150000000000000000e+03,3.948876030099593777e+02,3.124186938579192088e+02,1.006039770700538440e+02,1.409265244622284854e+03,1.006036734576865257e+02,1.006036734576865257e+02
1.160000000000000000e+03,3.801243484005593700e+02,3.085212114942506219e+02,9.935793042825899590e+01,1.412375899548397911e+03,9.935762681589167755e+01,9.935762681589167755e+01
1.170000000000000000e+03,3.653310980851300656e+02,3.046339562842534292e+02,9.811522233454294906e+01,1.415328571420239541e+03,9.811491872217563071e+01,9.811491872217563071e+01
1.180000000000000000e+03,3.505081362689006141e+02,3.007467029052598946e+02,9.685250861445521764e+01,1.418092368718507942e+03,9.685250812663869624e+01,9.685250812663869624e+01
1.190000000000000000e+03,3.356354710695113681e+02,2.968299160382736090e+02,9.559977296904747845e+01,1.420697273720406429e+03,9.559977296904747845e+01,9.559977296904747845e+01
1.200000000000000000e+03,3.206832160696226310e+02,2.928926724715428236e+02,9.434368796165968263e+01,1.423130155719632512e+03,9.434368796165968263e+01,9.434368796165968263e+01
1.210000000000000000e+03,3.057307759356002066e+02,2.889553813832728224e+02,9.307125344790570409e+01,1.425386872268883280e+03,9.307125344790570409e+01,9.307125344790570409e+01
1.220000000000000000e+03,2.907288371180999320e+02,2.850085210219883152e+02,9.180881457602713169e+01,1.427464714673756362e+03,9.180851150403763938e+01,9.180851150403763938e+01
1.230000000000000000e+03,2.756680073932546975e+02,2.810416545169159690e+02,9.053277253227228982e+01,1.429388954333640640e+03,9.053277253227228982e+01,9.053277253227228982e+01
1.240000000000000000e+03,2.605962348189515296e+02,2.770747523335206211e+02,8.926033228474068437e+01,1.431128623475115546e+03,8.926033228474068437e+01,8.926033228474068437e+01
1.250000000000000000e+03,2.454950507095757359e+02,2.730981548867796960e+02,8.798789203720906471e+01,1.432699403698701190e+03,8.798789203720906471e+01,8.798789203720906471e+01
1.260000000000000000e+03,2.303638523055681446e+02,2.691215515667041700e+02,8.670545296391290435e+01,1.434091617720192289e+03,8.670545296391290435e+01,8.670545296391290435e+01
1.270000000000000000e+03,2.152029420172989091e+02,2.651249649158875741e+02,8.541300900328343459e+01,1.435314645771598180e+03,8.541300900328343459e+01,8.541300900328343459e+01
1.280000000000000000e+03,1.999712241992287716e+02,2.611176050740778578e+02,8.412708530541750918e+01,1.436371935763916554e+03,8.412708530541750918e+01,8.412708530541750918e+01
1.290000000000000000e+03,1.847196149385449360e+02,2.571005021773492558e+02,8.284118787215409441e+01,1.437239185708281639e+03,8.284118751098563393e+01,8.284118751098563393e+01
1.300000000000000000e+03,1.695199738783552448e+02,2.530949112639100917e+02,8.156217043816803880e+01,1.437933008035258354e+03,8.156186749421415527e+01,8.156186749421415527e+01
1.310000000000000000e+03,1.542186214507817681e+02,2.490574752946281194e+02,8.026626316774148506e+01,1.438471807125033365e+03,8.026626309572318974e+01,8.026626309572318974e+01
1.320000000000000000e+03,1.389484208643878560e+02,2.450411221700653357e+02,7.897379800083496093e+01,1.438829856399146365e+03,7.897379800083496093e+01,7.897379800083496093e+01
1.330000000000000000e+03,1.236382176394026686e+02,2.410147715373538233e+02,7.768133365784863997e+01,1.439009030072543055e+03,7.768133365784863997e+01,7.768133365784863997e+01
1.340000000000000000e+03,1.083279762919568014e+02,2.369884113740271516e+02,7.637887395814419733e+01,1.439009328487556786e+03,7.637887395814419733e+01,7.637887395814419733e+01
1.350000000000000000e+03,9.295687937349040908e+01,2.329315082465901128e+02,7.508321722232356876e+01,1.438849997473312442e+03,7.508291373467740470e+01,7.508291373467740470e+01
1.360000000000000000e+03,7.762690040190177854e+01,2.288951275883586050e+02,7.377073569122890717e+01,1.438502080158305716e+03,7.377073534986107006e+01,7.377073534986107006e+01
1.370000000000000000e+03,6.222693795238988201e+01,2.248382178787583143e+02,7.246516759298181398e+01,1.437993820813860793e+03,7.246486421231882957e+01,7.246486421231882957e+01
1.380000000000000000e+03,4.690683586088930923e+01,2.208026463163064079e+02,7.117606030023698338e+01,1.437299639562791072e+03,7.117605952691971538e+01,7.117605952691971538e+01
1.390000000000000000e+03,3.149722855281551404e+01,2.167357391803836038e+02,6.987022604338264387e+01,1.436442855670930612e+03,6.987022604338264387e+01,6.987022604338264387e+01
1.400000000000000000e+03,1.612749503701471809e+01,2.126993466205481980e+02,6.856805058606693137e+01,1.435409304883318555e+03,6.856774739233678417e+01,6.856774739233678417e+01
1.410000000000000000e+03,7.248559661093398887e-01,2.086333170373463872e+02,6.727282979532810714e+01,1.434193954059287762e+03,6.727282979532810714e+01,6.727282979532810714e+01
1.420000000000000000e+03,1.077943375803691595e-03,2.230698443126974553e+02,6.721322098659963729e+01,1.434055068560778182e+03,6.721322098659963729e+01,6.721322098659963729e+01
1.430000000000000000e+03,-9.560146223712740225e-04,2.384681888513172794e+02,6.721305347417252563e+01,1.433796217704364608e+03,6.721305347417252563e+01,6.721305347417252563e+01
1.440000000000000000e+03,-9.560146223712740225e-04,2.538579292783532537e+02,6.721305347417252563e+01,1.433378878280065010e+03,6.721305347417252563e+01,6.721305347417252563e+01
1.450000000000000000e+03,-9.560146223712740225e-04,2.692276672204923216e+02,6.721305347417252563e+01,1.432792677457107857e+03,6.721305347417252563e+01,6.721305347417252563e+01
1.460000000000000000e+03,-9.560146223712740225e-04,2.845876874329531461e+02,6.722305624340854990e+01,1.432037303555895278e+03,6.722290468629891791e+01,6.722290468629891791e+01
1.470000000000000000e+03,-9.560146223712740225e-04,2.999689051832718860e+02,6.723308175312405410e+01,1.431090861070497795e+03,6.723277829435205888e+01,6.723277829435205888e+01
1.480000000000000000e+03,-9.560146223712740225e-04,3.153089210462292158e+02,6.723309189041538048e+01,1.429987570232939333e+03,6.723278827804806212e+01,6.723278827804806212e+01
1.490000000000000000e+03,-9.560146223712740225e-04,3.306800943023317814e+02,6.723309431568915784e+01,1.428701933916440339e+03,6.723279074063374594e+01,6.723279074063374594e+01
1.500000000000000000e+03,-9.560146223712740225e-04,3.459903356497774212e+02,6.724295466572368696e+01,1.427230466295904307e+03,6.724280278836110369e+01,6.724280278836110369e+01
1.510000000000000000e+03,-9.560146223712740225e-04,3.612805622973855861e+02,6.725281501575820187e+01,1.425610101438695210e+03,6.725281483608847566e+01,6.725281483608847566e+01
1.520000000000000000e+03,-9.560146223712740225e-04,3.765615766398735786e+02,6.725282669429093119e+01,1.423800875227003189e+03,6.725282669429093119e+01,6.725282669429093119e+01
1.530000000000000000e+03,-9.560146223712740225e-04,3.918425741530114692e+02,6.725282669429093119e+01,1.421827445994768368e+03,6.725282669429093119e+01,6.725282669429093119e+01
1.540000000000000000e+03,-9.560146223712740225e-04,4.070422152132011320e+02,6.725282669429093119e+01,1.419695750271458110e+03,6.725282669429093119e+01,6.725282669429093119e+01
1.550000000000000000e+03,-9.560146223712740225e-04,4.222740207272551061e+02,6.726283186487678734e+01,1.417363719208641214e+03,6.726283186487678734e+01,6.726283186487678734e+01
1.560000000000000000e+03,-9.560146223712740225e-04,4.375043466251153177e+02,6.727286511053378604e+01,1.414871944367764627e+03,6.727286511053378604e+01,6.727286511053378604e+01
1.570000000000000000e+03,-9.560146223712740225e-04,4.526556087904659762e+02,6.727286511053378604e+01,1.412217538138472037e+03,6.727286511053378604e+01,6.727286511053378604e+01
1.580000000000000000e+03,-9.560146223712740225e-04,4.677768402781129566e+02,6.727286511053378604e+01,1.409394171429571543e+03,6.727286511053378604e+01,6.727286511053378604e+01
1.590000000000000000e+03,-9.560146223712740225e-04,4.828483540959423408e+02,6.727286511053378604e+01,1.406391931284113980e+03,6.727286511053378604e+01,6.727286511053378604e+01
1.600000000000000000e+03,-9.560146223712740225e-04,4.979103306583654103e+02,6.728255810943144866e+01,1.403220811785386559e+03,6.728255810943144866e+01,6.728255810943144866e+01
1.610000000000000000e+03,-9.560146223712740225e-04,5.129722918909465079e+02,6.728258070628790222e+01,1.399881863581521429e+03,6.728258070628790222e+01,6.728258070628790222e+01
1.620000000000000000e+03,-9.560146223712740225e-04,5.279542878454070660e+02,6.729258919766601821e+01,1.396372549553123918e+03,6.729258919766601821e+01,6.729258919766601821e+01
1.630000000000000000e+03,-9.560146223712740225e-04,5.428868817670586395e+02,6.729259991440932254e+01,1.392694364782806360e+03,6.729259991440932254e+01,6.729259991440932254e+01
1.640000000000000000e+03,-9.560146223712740225e-04,5.578194079354163932e+02,6.729260178393093383e+01,1.388846654035271968e+03,6.729260178393093383e+01,6.729260178393093383e+01
1.650000000000000000e+03,-9.560146223712740225e-04,5.726724324366459768e+02,6.730261383165830580e+01,1.384830305919672583e+03,6.730261383165830580e+01,6.730261383165830580e+01
1.660000000000000000e+03,-9.560146223712740225e-04,5.874854299104563324e+02,6.730261912253075707e+01,1.380654759399563545e+03,6.730261912253075707e+01,6.730261912253075707e+01
1.670000000000000000e+03,-9.560146223712740225e-04,6.022290150816999130e+02,6.730261912253075707e+01,1.376320650253482881e+03,6.730261912253075707e+01,6.730261912253075707e+01
1.680000000000000000e+03,-9.560146223712740225e-04,6.169908961677909929e+02,6.731263764850892528e+01,1.371805645047326834e+03,6.731263764850892528e+01,6.731263764850892528e+01
1.690000000000000000e+03,-9.560146223712740225e-04,6.316351926371102081e+02,6.731263833065219160e+01,1.367123052029850669e+03,6.731263833065219160e+01,6.731263833065219160e+01
1.700000000000000000e+03,-9.560146223712740225e-04,6.462494684920948202e+02,6.731263833065219160e+01,1.362271588760021359e+03,6.731263833065219160e+01,6.731263833065219160e+01
1.710000000000000000e+03,-9.560146223712740225e-04,6.608331087941257920e+02,6.732265753877361192e+01,1.357267744726593492e+03,6.732235392640630778e+01,6.732235392640630778e+01
1.720000000000000000e+03,-9.560146223712740225e-04,6.753281267402559251e+02,6.732265753877361192e+01,1.352088178702306777e+03,6.732235392640630778e+01,6.732235392640630778e+01
1.730000000000000000e+03,-9.560146223712740225e-04,2.090310572574767320e+02,6.732265753877361192e+01,6.855019406304700169e+01,6.732235392640630778e+01,6.732235392640630778e+01
1.740000000000000000e+03,-9.560146223712740225e-04,2.085949933770909581e+02,6.732265753877361192e+01,6.732235392640630778e+01,6.732235392640630778e+01,6.732235392640630778e+01
1.750000000000000000e+03,-9.560146223712740225e-04,2.085950101127691596e+02,6.733251464255793906e+01,6.733236267794114838e+01,6.733236267794114838e+01,6.733236267794114838e+01
1.760000000000000000e+03,-9.560146223712740225e-04,2.086050251603038532e+02,6.734238825061108003e+01,6.734238818765665258e+01,6.734238818765665258e+01,6.734238818765665258e+01
1.770000000000000000e+03,-9.560146223712740225e-04,2.086050293208905941e+02,6.734239234264916263e+01,6.734239234264916263e+01,6.734239234264916263e+01,6.734239234264916263e+01
1.780000000000000000e+03,-9.560146223712740225e-04,2.086050293208905941e+02,6.734239234264916263e+01,6.734239234264916263e+01,6.734239234264916263e+01,6.734239234264916263e+01
1.790000000000000000e+03,-9.560146223712740225e-04,2.086147200627339373e+02,6.734239234264916263e+01,6.734239234264916263e+01,6.734239234264916263e+01,6.734239234264916263e+01
1.800000000000000000e+03,-9.560146223712740225e-04,2.086147449166447245e+02,6.734239234264916263e+01,6.734239234264916263e+01,6.734239234264916263e+01,6.734239234264916263e+01
1.810000000000000000e+03,-9.560146223712740225e-04,2.086147449166447245e+02,6.735239850644001081e+01,6.735239850644001081e+01,6.735239850644001081e+01,6.735239850644001081e+01
1.820000000000000000e+03,-9.560146223712740225e-04,2.086147449166447245e+02,6.735241155077059716e+01,6.735241155077059716e+01,6.735241155077059716e+01,6.735241155077059716e+01
1.830000000000000000e+03,-9.560146223712740225e-04,2.086147449166447245e+02,6.736243029959287298e+01,6.736212670114370837e+01,6.736212670114370837e+01,6.736212670114370837e+01
1.840000000000000000e+03,-9.560146223712740225e-04,2.086147449166447245e+02,6.736243075889201748e+01,6.736212714652469913e+01,6.736212714652469913e+01,6.736212714652469913e+01
1.850000000000000000e+03,-9.560146223712740225e-04,2.086247493459123064e+02,6.736243075889201748e+01,6.736212714652469913e+01,6.736212714652469913e+01,6.736212714652469913e+01
1.860000000000000000e+03,-9.560146223712740225e-04,2.086247641247661306e+02,6.737212508022393820e+01,6.737212441539824681e+01,6.737212441539824681e+01,6.737212441539824681e+01
1.870000000000000000e+03,-9.560146223712740225e-04,2.086247641247661306e+02,6.737214635464613366e+01,6.737214635464613366e+01,6.737214635464613366e+01,6.737214635464613366e+01
1.880000000000000000e+03,-9.560146223712740225e-04,2.086347731645393537e+02,6.737214635464613366e+01,6.737214635464613366e+01,6.737214635464613366e+01,6.737214635464613366e+01
1.890000000000000000e+03,-9.560146223712740225e-04,2.086347833328875652e+02,6.737214635464613366e+01,6.737214635464613366e+01,6.737214635464613366e+01,6.737214635464613366e+01
1.900000000000000000e+03,-9.560146223712740225e-04,2.086347833328875652e+02,6.737214635464613366e+01,6.737214635464613366e+01,6.737214635464613366e+01,6.737214635464613366e+01
1.910000000000000000e+03,-9.560146223712740225e-04,2.086347833328875652e+02,6.737214635464613366e+01,6.737214635464613366e+01,6.737214635464613366e+01,6.737214635464613366e+01
1.920000000000000000e+03,-9.560146223712740225e-04,2.086347833328875652e+02,6.738215365989613304e+01,6.738215365989613304e+01,6.738215365989613304e+01,6.738215365989613304e+01
1.930000000000000000e+03,-9.560146223712740225e-04,2.086447834777434878e+02,6.738216556276756819e+01,6.738216556276756819e+01,6.738216556276756819e+01,6.738216556276756819e+01
1.940000000000000000e+03,-9.560146223712740225e-04,2.086644856922217457e+02,6.739215854722941401e+01,6.739215854722941401e+01,6.739215854722941401e+01,6.739215854722941401e+01
1.950000000000000000e+03,-9.560146223712740225e-04,2.086645373448845362e+02,6.739218477088898851e+01,6.739218477088898851e+01,6.739218477088898851e+01,6.739218477088898851e+01
1.960000000000000000e+03,-9.560146223712740225e-04,2.086645373448845362e+02,6.739218477088898851e+01,6.739218477088898851e+01,6.739218477088898851e+01,6.739218477088898851e+01
1.970000000000000000e+03,-9.560146223712740225e-04,2.086645373448845362e+02,6.739218477088898851e+01,6.739218477088898851e+01,6.739218477088898851e+01,6.739218477088898851e+01
1.980000000000000000e+03,-9.560146223712740225e-04,2.086645373448845362e+02,6.739218477088898851e+01,6.739218477088898851e+01,6.739218477088898851e+01,6.739218477088898851e+01
1.990000000000000000e+03,-9.560146223712740225e-04,2.086645373448845362e+02,6.739218477088898851e+01,6.739218477088898851e+01,6.739218477088898851e+01,6.739218477088898851e+01
2.000000000000000000e+03,-9.560146223712740225e-04,2.086745411810881023e+02,6.740218860709254045e+01,6.740218860709254045e+01,6.740218860709254045e+01,6.740218860709254045e+01
2.010000000000000000e+03,-9.560146223712740225e-04,2.086745609160299750e+02,6.740220397901042304e+01,6.740220397901042304e+01,6.740220397901042304e+01,6.740220397901042304e+01
2.020000000000000000e+03,-9.560146223712740225e-04,2.086845461479489643e+02,6.740220397901042304e+01,6.740220397901042304e+01,6.740220397901042304e+01,6.740220397901042304e+01
2.030000000000000000e+03,-9.560146223712740225e-04,2.086845757611274053e+02,6.740220397901042304e+01,6.740220397901042304e+01,6.740220397901042304e+01,6.740220397901042304e+01
2.040000000000000000e+03,-9.560146223712740225e-04,2.086845757611274053e+02,6.741191957476453922e+01,6.741191957476453922e+01,6.741191957476453922e+01,6.741191957476453922e+01
2.050000000000000000e+03,-9.560146223712740225e-04,2.086845775859800654e+02,6.741191957476453922e+01,6.741191957476453922e+01,6.741191957476453922e+01,6.741191957476453922e+01
2.060000000000000000e+03,-9.560146223712740225e-04,2.086945896337074089e+02,6.741191957476453922e+01,6.741191957476453922e+01,6.741191957476453922e+01,6.741191957476453922e+01
2.070000000000000000e+03,-9.560146223712740225e-04,2.086945949692488398e+02,6.741191957476453922e+01,6.741191957476453922e+01,6.741191957476453922e+01,6.741191957476453922e+01
2.080000000000000000e+03,-9.560146223712740225e-04,2.086945949692488398e+02,6.741191957476453922e+01,6.741191957476453922e+01,6.741191957476453922e+01,6.741191957476453922e+01
2.090000000000000000e+03,-9.560146223712740225e-04,2.086945949692488398e+02,6.742193878288597375e+01,6.742193878288597375e+01,6.742193878288597375e+01,6.742193878288597375e+01
2.100000000000000000e+03,-9.560146223712740225e-04,2.086945949692488398e+02,6.742193878288597375e+01,6.742193878288597375e+01,6.742193878288597375e+01,6.742193878288597375e+01
2.110000000000000000e+03,-9.560146223712740225e-04,2.086945949692488398e+02,6.742193878288597375e+01,6.742193878288597375e+01,6.742193878288597375e+01,6.742193878288597375e+01
2.120000000000000000e+03,-9.560146223712740225e-04,2.087045927865174804e+02,6.742193878288597375e+01,6.742193878288597375e+01,6.742193878288597375e+01,6.742193878288597375e+01
2.130000000000000000e+03,-9.560146223712740225e-04,2.087046141773702743e+02,6.742193878288597375e+01,6.742193878288597375e+01,6.742193878288597375e+01,6.742193878288597375e+01
2.140000000000000000e+03,-9.560146223712740225e-04,2.087046141773702743e+02,6.742193878288597375e+01,6.742193878288597375e+01,6.742193878288597375e+01,6.742193878288597375e+01
2.150000000000000000e+03,-9.560146223712740225e-04,2.087046141773702743e+02,6.743194202602545317e+01,6.743194202602545317e+01,6.743194202602545317e+01,6.743194202602545317e+01
2.160000000000000000e+03,-9.560146223712740225e-04,2.087046170537938394e+02,6.743195799100739407e+01,6.743195799100739407e+01,6.743195799100739407e+01,6.743195799100739407e+01
2.170000000000000000e+03,-9.560146223712740225e-04,2.087143257061355257e+02,6.743195799100739407e+01,6.743195799100739407e+01,6.743195799100739407e+01,6.743195799100739407e+01
2.180000000000000000e+03,-9.560146223712740225e-04,2.087143297731243763e+02,6.743195799100739407e+01,6.743195799100739407e+01,6.743195799100739407e+01,6.743195799100739407e+01
2.190000000000000000e+03,-9.560146223712740225e-04,2.087143297731243763e+02,6.743195799100739407e+01,6.743195799100739407e+01,6.743195799100739407e+01,6.743195799100739407e+01
2.200000000000000000e+03,-9.560146223712740225e-04,2.087143297731243763e+02,6.743195922279598165e+01,6.743195922279598165e+01,6.743195922279598165e+01,6.743195922279598165e+01
2.210000000000000000e+03,-9.560146223712740225e-04,2.087143297731243763e+02,6.744197127052333940e+01,6.744197127052333940e+01,6.744197127052333940e+01,6.744197127052333940e+01
2.220000000000000000e+03,-9.560146223712740225e-04,2.087143297731243763e+02,6.744197719912882860e+01,6.744197719912882860e+01,6.744197719912882860e+01,6.744197719912882860e+01
2.230000000000000000e+03,-9.560146223712740225e-04,2.087243287318521823e+02,6.744197719912882860e+01,6.744197719912882860e+01,6.744197719912882860e+01,6.744197719912882860e+01
2.240000000000000000e+03,-9.560146223712740225e-04,2.087243489812458108e+02,6.744197719912882860e+01,6.744197719912882860e+01,6.744197719912882860e+01,6.744197719912882860e+01
2.250000000000000000e+03,-9.560146223712740225e-04,2.087243489812458108e+02,6.744197719912882860e+01,6.744197719912882860e+01,6.744197719912882860e+01,6.744197719912882860e+01
2.260000000000000000e+03,-9.560146223712740225e-04,2.087243489812458108e+02,6.744197719912882860e+01,6.744197719912882860e+01,6.744197719912882860e+01,6.744197719912882860e+01
2.270000000000000000e+03,-9.560146223712740225e-04,2.087243489812458108e+02,6.744197719912882860e+01,6.744197719912882860e+01,6.744197719912882860e+01,6.744197719912882860e+01
2.280000000000000000e+03,-9.560146223712740225e-04,2.087243489812458108e+02,6.744197719912882860e+01,6.744197719912882860e+01,6.744197719912882860e+01,6.744197719912882860e+01
2.290000000000000000e+03,-9.560146223712740225e-04,2.087243489812458108e+02,6.745198700959832649e+01,6.745168368200833697e+01,6.745168368200833697e+01,6.745168368200833697e+01
2.300000000000000000e+03,-9.560146223712740225e-04,2.087343516313212319e+02,6.745199640725026313e+01,6.745169279488294478e+01,6.745169279488294478e+01,6.745169279488294478e+01
2.310000000000000000e+03,-9.560146223712740225e-04,2.087343681893672453e+02,6.745199640725026313e+01,6.745169279488294478e+01,6.745169279488294478e+01,6.745169279488294478e+01
2.320000000000000000e+03,-9.560146223712740225e-04,2.087343681893672453e+02,6.745199640725026313e+01,6.745169279488294478e+01,6.745169279488294478e+01,6.745169279488294478e+01
2.330000000000000000e+03,-9.560146223712740225e-04,2.087343681893672453e+02,6.745199640725026313e+01,6.745169279488294478e+01,6.745169279488294478e+01,6.745169279488294478e+01
2.340000000000000000e+03,-9.560146223712740225e-04,2.087343681893672453e+02,6.745199640725026313e+01,6.745169279488294478e+01,6.745169279488294478e+01,6.745169279488294478e+01
2.350000000000000000e+03,-9.560146223712740225e-04,2.087343681893672453e+02,6.745199640725026313e+01,6.745169279488294478e+01,6.745169279488294478e+01,6.745169279488294478e+01
2.360000000000000000e+03,-9.560146223712740225e-04,2.087343681893672453e+02,6.745199640725026313e+01,6.745169279488294478e+01,6.745169279488294478e+01,6.745169279488294478e+01
2.370000000000000000e+03,-9.560146223712740225e-04,2.087343681893672453e+02,6.745199640725026313e+01,6.745169279488294478e+01,6.745169279488294478e+01,6.745169279488294478e+01
2.380000000000000000e+03,-9.560146223712740225e-04,2.087440635742532891e+02,6.746169179213629263e+01,6.746169116054666404e+01,6.746169116054666404e+01,6.746169116054666404e+01
2.390000000000000000e+03,-9.560146223712740225e-04,2.087440837851213473e+02,6.746171200300436510e+01,6.746171200300436510e+01,6.746171200300436510e+01,6.746171200300436510e+01
2.400000000000000000e+03,-9.560146223712740225e-04,2.087440837851213473e+02,6.746171200300436510e+01,6.746171200300436510e+01,6.746171200300436510e+01,6.746171200300436510e+01
2.410000000000000000e+03,-9.560146223712740225e-04,2.087440837851213473e+02,6.746171200300436510e+01,6.746171200300436510e+01,6.746171200300436510e+01,6.746171200300436510e+01
2.420000000000000000e+03,-9.560146223712740225e-04,2.087440837851213473e+02,6.746171200300436510e+01,6.746171200300436510e+01,6.746171200300436510e+01,6.746171200300436510e+01
2.430000000000000000e+03,-9.560146223712740225e-04,2.087440837851213473e+02,6.746171200300436510e+01,6.746171200300436510e+01,6.746171200300436510e+01,6.746171200300436510e+01
2.440000000000000000e+03,-9.560146223712740225e-04,2.087440837851213473e+02,6.746171200300436510e+01,6.746171200300436510e+01,6.746171200300436510e+01,6.746171200300436510e+01
2.450000000000000000e+03,-9.560146223712740225e-04,2.087440837851213473e+02,6.746171200300436510e+01,6.746171200300436510e+01,6.746171200300436510e+01,6.746171200300436510e+01
2.460000000000000000e+03,-9.560146223712740225e-04,2.087440837851213473e+02,6.746171200300436510e+01,6.746171200300436510e+01,6.746171200300436510e+01,6.746171200300436510e+01
2.470000000000000000e+03,-9.560146223712740225e-04,2.087440837851213473e+02,6.746171200300436510e+01,6.746171200300436510e+01,6.746171200300436510e+01,6.746171200300436510e+01
2.480000000000000000e+03,-9.560146223712740225e-04,2.087440837851213473e+02,6.746171200300436510e+01,6.746171200300436510e+01,6.746171200300436510e+01,6.746171200300436510e+01
2.490000000000000000e+03,-9.560146223712740225e-04,2.087440917636874929e+02,6.746171200300436510e+01,6.746171200300436510e+01,6.746171200300436510e+01,6.746171200300436510e+01
2.500000000000000000e+03,-9.560146223712740225e-04,2.087540503230588627e+02,6.746171200300436510e+01,6.746171200300436510e+01,6.746171200300436510e+01,6.746171200300436510e+01
2.510000000000000000e+03,-9.560146223712740225e-04,2.087541029932427818e+02,6.746171200300436510e+01,6.746171200300436510e+01,6.746171200300436510e+01,6.746171200300436510e+01
2.520000000000000000e+03,-9.560146223712740225e-04,2.087541029932427818e+02,6.746171200300436510e+01,6.746171200300436510e+01,6.746171200300436510e+01,6.746171200300436510e+01
2.530000000000000000e+03,-9.560146223712740225e-04,2.087541029932427818e+02,6.746171200300436510e+01,6.746171200300436510e+01,6.746171200300436510e+01,6.746171200300436510e+01
2.540000000000000000e+03,-9.560146223712740225e-04,2.087541029932427818e+02,6.746171200300436510e+01,6.746171200300436510e+01,6.746171200300436510e+01,6.746171200300436510e+01
2.550000000000000000e+03,-9.560146223712740225e-04,2.087541029932427818e+02,6.746171200300436510e+01,6.746171200300436510e+01,6.746171200300436510e+01,6.746171200300436510e+01
2.560000000000000000e+03,-9.560146223712740225e-04,2.087541029932427818e+02,6.746171200300436510e+01,6.746171200300436510e+01,6.746171200300436510e+01,6.746171200300436510e+01
2.570000000000000000e+03,-9.560146223712740225e-04,2.087541029932427818e+02,6.746171200300436510e+01,6.746171200300436510e+01,6.746171200300436510e+01,6.746171200300436510e+01
2.580000000000000000e+03,-9.560146223712740225e-04,2.087541029932427818e+02,6.746171200300436510e+01,6.746171200300436510e+01,6.746171200300436510e+01,6.746171200300436510e+01
2.590000000000000000e+03,-9.560146223712740225e-04,2.087541029932427818e+02,6.746171200300436510e+01,6.746171200300436510e+01,6.746171200300436510e+01,6.746171200300436510e+01
2.600000000000000000e+03,-9.560146223712740225e-04,2.087541029932427818e+02,6.746171200300436510e+01,6.746171200300436510e+01,6.746171200300436510e+01,6.746171200300436510e+01
2.610000000000000000e+03,-9.560146223712740225e-04,2.087541029932427818e+02,6.746171200300436510e+01,6.746171200300436510e+01,6.746171200300436510e+01,6.746171200300436510e+01
2.620000000000000000e+03,-9.560146223712740225e-04,2.087541029932427818e+02,6.746171200300436510e+01,6.746171200300436510e+01,6.746171200300436510e+01,6.746171200300436510e+01
2.630000000000000000e+03,-9.560146223712740225e-04,2.087541029932427818e+02,6.746171200300436510e+01,6.746171200300436510e+01,6.746171200300436510e+01,6.746171200300436510e+01
2.640000000000000000e+03,-9.560146223712740225e-04,2.087541029932427818e+02,6.746171200300436510e+01,6.746171200300436510e+01,6.746171200300436510e+01,6.746171200300436510e+01
2.650000000000000000e+03,-9.560146223712740225e-04,2.087541029932427818e+02,6.746171200300436510e+01,6.746171200300436510e+01,6.746171200300436510e+01,6.746171200300436510e+01
2.660000000000000000e+03,-9.560146223712740225e-04,2.087541029932427818e+02,6.746171200300436510e+01,6.746171200300436510e+01,6.746171200300436510e+01,6.746171200300436510e+01
2.670000000000000000e+03,-9.560146223712740225e-04,2.087541029932427818e+02,6.746171200300436510e+01,6.746171200300436510e+01,6.746171200300436510e+01,6.746171200300436510e+01
2.680000000000000000e+03,-9.560146223712740225e-04,2.087541029932427818e+02,6.746171200300436510e+01,6.746171200300436510e+01,6.746171200300436510e+01,6.746171200300436510e+01
2.690000000000000000e+03,-9.560146223712740225e-04,2.087541029932427818e+02,6.746171200300436510e+01,6.746171200300436510e+01,6.746171200300436510e+01,6.746171200300436510e+01
2.700000000000000000e+03,-9.560146223712740225e-04,2.087541029932427818e+02,6.746171200300436510e+01,6.746171200300436510e+01,6.746171200300436510e+01,6.746171200300436510e+01
2.710000000000000000e+03,-9.560146223712740225e-04,2.087541029932427818e+02,6.746171200300436510e+01,6.746171200300436510e+01,6.746171200300436510e+01,6.746171200300436510e+01
2.720000000000000000e+03,-9.560146223712740225e-04,2.087541029932427818e+02,6.746171200300436510e+01,6.746171200300436510e+01,6.746171200300436510e+01,6.746171200300436510e+01
2.730000000000000000e+03,-9.560146223712740225e-04,2.087541029932427818e+02,6.746171200300436510e+01,6.746171200300436510e+01,6.746171200300436510e+01,6.746171200300436510e+01
2.740000000000000000e+03,-9.560146223712740225e-04,2.087541029932427818e+02,6.746171200300436510e+01,6.746171200300436510e+01,6.746171200300436510e+01,6.746171200300436510e+01
2.750000000000000000e+03,-9.560146223712740225e-04,2.087541029932427818e+02,6.746171200300436510e+01,6.746171200300436510e+01,6.746171200300436510e+01,6.746171200300436510e+01
2.760000000000000000e+03,-9.560146223712740225e-04,2.087541029932427818e+02,6.746171200300436510e+01,6.746171200300436510e+01,6.746171200300436510e+01,6.746171200300436510e+01
2.770000000000000000e+03,-9.560146223712740225e-04,2.087541029932427818e+02,6.746171200300436510e+01,6.746171200300436510e+01,6.746171200300436510e+01,6.746171200300436510e+01
2.780000000000000000e+03,-9.560146223712740225e-04,2.087541029932427818e+02,6.746171200300436510e+01,6.746171200300436510e+01,6.746171200300436510e+01,6.746171200300436510e+01
2.790000000000000000e+03,-9.560146223712740225e-04,2.087541029932427818e+02,6.746171200300436510e+01,6.746171200300436510e+01,6.746171200300436510e+01,6.746171200300436510e+01
2.800000000000000000e+03,-9.560146223712740225e-04,2.087541029932427818e+02,6.746171200300436510e+01,6.746171200300436510e+01,6.746171200300436510e+01,6.746171200300436510e+01
2.810000000000000000e+03,-9.560146223712740225e-04,2.087541029932427818e+02,6.746171200300436510e+01,6.746171200300436510e+01,6.746171200300436510e+01,6.746171200300436510e+01
2.820000000000000000e+03,-9.560146223712740225e-04,2.087541029932427818e+02,6.746171200300436510e+01,6.746171200300436510e+01,6.746171200300436510e+01,6.746171200300436510e+01
2.830000000000000000e+03,-9.560146223712740225e-04,2.087541029932427818e+02,6.746171200300436510e+01,6.746171200300436510e+01,6.746171200300436510e+01,6.746171200300436510e+01
2.840000000000000000e+03,-9.560146223712740225e-04,2.087541029932427818e+02,6.746171200300436510e+01,6.746171200300436510e+01,6.746171200300436510e+01,6.746171200300436510e+01
2.850000000000000000e+03,-9.560146223712740225e-04,2.087541029932427818e+02,6.746171200300436510e+01,6.746171200300436510e+01,6.746171200300436510e+01,6.746171200300436510e+01
2.860000000000000000e+03,-9.560146223712740225e-04,2.087541029932427818e+02,6.746171200300436510e+01,6.746171200300436510e+01,6.746171200300436510e+01,6.746171200300436510e+01
2.870000000000000000e+03,-9.560146223712740225e-04,2.087541029932427818e+02,6.746171200300436510e+01,6.746171200300436510e+01,6.746171200300436510e+01,6.746171200300436510e+01
2.880000000000000000e+03,-9.560146223712740225e-04,2.087541029932427818e+02,6.746171200300436510e+01,6.746171200300436510e+01,6.746171200300436510e+01,6.746171200300436510e+01
2.890000000000000000e+03,-9.560146223712740225e-04,2.087541029932427818e+02,6.746171200300436510e+01,6.746171200300436510e+01,6.746171200300436510e+01,6.746171200300436510e+01
2.900000000000000000e+03,-9.560146223712740225e-04,2.087541029932427818e+02,6.746171200300436510e+01,6.746171200300436510e+01,6.746171200300436510e+01,6.746171200300436510e+01
2.910000000000000000e+03,-9.560146223712740225e-04,2.087541029932427818e+02,6.746171200300436510e+01,6.746171200300436510e+01,6.746171200300436510e+01,6.746171200300436510e+01
2.920000000000000000e+03,-9.560146223712740225e-04,2.087541029932427818e+02,6.746171200300436510e+01,6.746171200300436510e+01,6.746171200300436510e+01,6.746171200300436510e+01
2.930000000000000000e+03,-9.560146223712740225e-04,2.087541029932427818e+02,6.746171200300436510e+01,6.746171200300436510e+01,6.746171200300436510e+01,6.746171200300436510e+01
2.940000000000000000e+03,-9.560146223712740225e-04,2.087441044499468319e+02,6.746171200300436510e+01,6.746171200300436510e+01,6.746171200300436510e+01,6.746171200300436510e+01
2.950000000000000000e+03,-9.560146223712740225e-04,2.087440837851213473e+02,6.746171200300436510e+01,6.746171200300436510e+01,6.746171200300436510e+01,6.746171200300436510e+01
2.960000000000000000e+03,-9.560146223712740225e-04,2.087440837851213473e+02,6.746171200300436510e+01,6.746171200300436510e+01,6.746171200300436510e+01,6.746171200300436510e+01
2.970000000000000000e+03,-9.560146223712740225e-04,2.087440837851213473e+02,6.746171200300436510e+01,6.746171200300436510e+01,6.746171200300436510e+01,6.746171200300436510e+01
2.980000000000000000e+03,-9.560146223712740225e-04,2.087440837851213473e+02,6.746171200300436510e+01,6.746171200300436510e+01,6.746171200300436510e+01,6.746171200300436510e+01
2.990000000000000000e+03,-9.560146223712740225e-04,2.087440837851213473e+02,6.746171200300436510e+01,6.746171200300436510e+01,6.746171200300436510e+01,6.746171200300436510e+01
3.000000000000000000e+03,-9.560146223712740225e-04,2.087440837851213473e+02,6.746171200300436510e+01,6.746171200300436510e+01,6.746171200300436510e+01,6.746171200300436510e+01
3.010000000000000000e+03,-9.560146223712740225e-04,2.087440837851213473e+02,6.746171200300436510e+01,6.746171200300436510e+01,6.746171200300436510e+01,6.746171200300436510e+01
3.020000000000000000e+03,-9.560146223712740225e-04,2.087440837851213473e+02,6.746171200300436510e+01,6.746171200300436510e+01,6.746171200300436510e+01,6.746171200300436510e+01
3.030000000000000000e+03,-9.560146223712740225e-04,2.087440837851213473e+02,6.746171200300436510e+01,6.746171200300436510e+01,6.746171200300436510e+01,6.746171200300436510e+01
3.040000000000000000e+03,-9.560146223712740225e-04,2.087440837851213473e+02,6.746171200300436510e+01,6.746171200300436510e+01,6.746171200300436510e+01,6.746171200300436510e+01
3.050000000000000000e+03,-9.560146223712740225e-04,2.087440837851213473e+02,6.746171200300436510e+01,6.746171200300436510e+01,6.746171200300436510e+01,6.746171200300436510e+01
3.060000000000000000e+03,-9.560146223712740225e-04,2.087343940645288285e+02,6.745202228241186049e+01,6.745171947864334072e+01,6.745171947864334072e+01,6.745171947864334072e+01
3.070000000000000000e+03,-9.560146223712740225e-04,2.087343681893672453e+02,6.745199640725026313e+01,6.745169279488294478e+01,6.745169279488294478e+01,6.745169279488294478e+01
3.080000000000000000e+03,-9.560146223712740225e-04,2.087343681893672453e+02,6.745199640725026313e+01,6.745169279488294478e+01,6.745169279488294478e+01,6.745169279488294478e+01
3.090000000000000000e+03,-9.560146223712740225e-04,2.087343681893672453e+02,6.745199640725026313e+01,6.745169279488294478e+01,6.745169279488294478e+01,6.745169279488294478e+01
3.100000000000000000e+03,-9.560146223712740225e-04,2.087343681893672453e+02,6.745199640725026313e+01,6.745169279488294478e+01,6.745169279488294478e+01,6.745169279488294478e+01
3.110000000000000000e+03,-9.560146223712740225e-04,2.087343681893672453e+02,6.745199640725026313e+01,6.745169279488294478e+01,6.745169279488294478e+01,6.745169279488294478e+01
3.120000000000000000e+03,-9.560146223712740225e-04,2.087343681893672453e+02,6.745199640725026313e+01,6.745169279488294478e+01,6.745169279488294478e+01,6.745169279488294478e+01
3.130000000000000000e+03,-9.560146223712740225e-04,2.087343681893672453e+02,6.745199640725026313e+01,6.745169279488294478e+01,6.745169279488294478e+01,6.745169279488294478e+01
3.140000000000000000e+03,-9.560146223712740225e-04,2.087343681893672453e+02,6.745199640725026313e+01,6.745169279488294478e+01,6.745169279488294478e+01,6.745169279488294478e+01
3.150000000000000000e+03,-9.560146223712740225e-04,2.087243602320579043e+02,6.745199640725026313e+01,6.745169279488294478e+01,6.745169279488294478e+01,6.745169279488294478e+01
3.160000000000000000e+03,-9.560146223712740225e-04,2.087243489812458108e+02,6.744199558103599657e+01,6.744199502400850577e+01,6.744199502400850577e+01,6.744199502400850577e+01
3.170000000000000000e+03,-9.560146223712740225e-04,2.087243489812458108e+02,6.744197719912882860e+01,6.744197719912882860e+01,6.744197719912882860e+01,6.744197719912882860e+01
3.180000000000000000e+03,-9.560146223712740225e-04,2.087243489812458108e+02,6.744197719912882860e+01,6.744197719912882860e+01,6.744197719912882860e+01,6.744197719912882860e+01
3.190000000000000000e+03,-9.560146223712740225e-04,2.087243489812458108e+02,6.744197719912882860e+01,6.744197719912882860e+01,6.744197719912882860e+01,6.744197719912882860e+01
3.200000000000000000e+03,-9.560146223712740225e-04,2.087243489812458108e+02,6.744197719912882860e+01,6.744197719912882860e+01,6.744197719912882860e+01,6.744197719912882860e+01
3.210000000000000000e+03,-9.560146223712740225e-04,2.087243489812458108e+02,6.744197719912882860e+01,6.744197719912882860e+01,6.744197719912882860e+01,6.744197719912882860e+01
3.220000000000000000e+03,-9.560146223712740225e-04,2.087143373032898523e+02,6.744197719912882860e+01,6.744197719912882860e+01,6.744197719912882860e+01,6.744197719912882860e+01
3.230000000000000000e+03,-9.560146223712740225e-04,2.087143297731243763e+02,6.744197719912882860e+01,6.744197719912882860e+01,6.744197719912882860e+01,6.744197719912882860e+01
3.240000000000000000e+03,-9.560146223712740225e-04,2.087143297731243763e+02,6.743195799100739407e+01,6.743195799100739407e+01,6.743195799100739407e+01,6.743195799100739407e+01
3.250000000000000000e+03,-9.560146223712740225e-04,2.087143297731243763e+02,6.743195799100739407e+01,6.743195799100739407e+01,6.743195799100739407e+01,6.743195799100739407e+01
3.260000000000000000e+03,-9.560146223712740225e-04,2.087143297731243763e+02,6.743195799100739407e+01,6.743195799100739407e+01,6.743195799100739407e+01,6.743195799100739407e+01
3.270000000000000000e+03,-9.560146223712740225e-04,2.087143297731243763e+02,6.743195799100739407e+01,6.743195799100739407e+01,6.743195799100739407e+01,6.743195799100739407e+01
3.280000000000000000e+03,-9.560146223712740225e-04,2.087046141773702743e+02,6.743195799100739407e+01,6.743195799100739407e+01,6.743195799100739407e+01,6.743195799100739407e+01
3.290000000000000000e+03,-9.560146223712740225e-04,2.087046141773702743e+02,6.743195799100739407e+01,6.743195799100739407e+01,6.743195799100739407e+01,6.743195799100739407e+01
3.300000000000000000e+03,-9.560146223712740225e-04,2.087046141773702743e+02,6.743195799100739407e+01,6.743195799100739407e+01,6.743195799100739407e+01,6.743195799100739407e+01
3.310000000000000000e+03,-9.560146223712740225e-04,2.087046141773702743e+02,6.742195694249195981e+01,6.742195694249195981e+01,6.742195694249195981e+01,6.742195694249195981e+01
3.320000000000000000e+03,-9.560146223712740225e-04,2.087046141773702743e+02,6.742193878288597375e+01,6.742193878288597375e+01,6.742193878288597375e+01,6.742193878288597375e+01
3.330000000000000000e+03,-9.560146223712740225e-04,2.087046141773702743e+02,6.742193878288597375e+01,6.742193878288597375e+01,6.742193878288597375e+01,6.742193878288597375e+01
3.340000000000000000e+03,-9.560146223712740225e-04,2.086946085183492130e+02,6.742193878288597375e+01,6.742193878288597375e+01,6.742193878288597375e+01,6.742193878288597375e+01
3.350000000000000000e+03,-9.560146223712740225e-04,2.086945949692488398e+02,6.742193878288597375e+01,6.742193878288597375e+01,6.742193878288597375e+01,6.742193878288597375e+01
3.360000000000000000e+03,-9.560146223712740225e-04,2.086945949692488398e+02,6.742193878288597375e+01,6.742193878288597375e+01,6.742193878288597375e+01,6.742193878288597375e+01
3.370000000000000000e+03,-9.560146223712740225e-04,2.086945949692488398e+02,6.741192769799407358e+01,6.741192769799407358e+01,6.741192769799407358e+01,6.741192769799407358e+01
3.380000000000000000e+03,-9.560146223712740225e-04,2.086945949692488398e+02,6.741191957476453922e+01,6.741191957476453922e+01,6.741191957476453922e+01,6.741191957476453922e+01
3.390000000000000000e+03,-9.560146223712740225e-04,2.086945949692488398e+02,6.741191957476453922e+01,6.741191957476453922e+01,6.741191957476453922e+01,6.741191957476453922e+01
3.400000000000000000e+03,-9.560146223712740225e-04,2.086945949692488398e+02,6.741191957476453922e+01,6.741191957476453922e+01,6.741191957476453922e+01,6.741191957476453922e+01
3.410000000000000000e+03,-9.560146223712740225e-04,2.086845856188801633e+02,6.741191957476453922e+01,6.741191957476453922e+01,6.741191957476453922e+01,6.741191957476453922e+01
3.420000000000000000e+03,-9.560146223712740225e-04,2.086845757611274053e+02,6.740222048145582789e+01,6.740222048145582789e+01,6.740222048145582789e+01,6.740222048145582789e+01
3.430000000000000000e+03,-9.560146223712740225e-04,2.086845757611274053e+02,6.740220397901042304e+01,6.740220397901042304e+01,6.740220397901042304e+01,6.740220397901042304e+01
3.440000000000000000e+03,-9.560146223712740225e-04,2.086845757611274053e+02,6.740220397901042304e+01,6.740220397901042304e+01,6.740220397901042304e+01,6.740220397901042304e+01
3.450000000000000000e+03,-9.560146223712740225e-04,2.086745689606472069e+02,6.740220397901042304e+01,6.740220397901042304e+01,6.740220397901042304e+01,6.740220397901042304e+01
3.460000000000000000e+03,-9.560146223712740225e-04,2.086745565530059707e+02,6.740220397901042304e+01,6.740220397901042304e+01,6.740220397901042304e+01,6.740220397901042304e+01
3.470000000000000000e+03,-9.560146223712740225e-04,2.086645640733138976e+02,6.739221149931834987e+01,6.739221149931834987e+01,6.739221149931834987e+01,6.739221149931834987e+01
3.480000000000000000e+03,-9.560146223712740225e-04,2.086645373448845362e+02,6.739218477088898851e+01,6.739218477088898851e+01,6.739218477088898851e+01,6.739218477088898851e+01
3.490000000000000000e+03,-9.560146223712740225e-04,2.086645373448845362e+02,6.739218477088898851e+01,6.739218477088898851e+01,6.739218477088898851e+01,6.739218477088898851e+01
3.500000000000000000e+03,-9.560146223712740225e-04,2.086645373448845362e+02,6.739218477088898851e+01,6.739218477088898851e+01,6.739218477088898851e+01,6.739218477088898851e+01
3.510000000000000000e+03,-9.560146223712740225e-04,2.086645373448845362e+02,6.739218477088898851e+01,6.739218477088898851e+01,6.739218477088898851e+01,6.739218477088898851e+01
3.520000000000000000e+03,-9.560146223712740225e-04,2.086645373448845362e+02,6.739218477088898851e+01,6.739218477088898851e+01,6.739218477088898851e+01,6.739218477088898851e+01
3.530000000000000000e+03,-9.560146223712740225e-04,2.086448338132725837e+02,6.739218477088898851e+01,6.739218477088898851e+01,6.739218477088898851e+01,6.739218477088898851e+01
3.540000000000000000e+03,-9.560146223712740225e-04,2.086448025410089997e+02,6.738218859984931441e+01,6.738218859984931441e+01,6.738218859984931441e+01,6.738218859984931441e+01
3.550000000000000000e+03,-9.560146223712740225e-04,2.086348135303633740e+02,6.738216556276756819e+01,6.738216556276756819e+01,6.738216556276756819e+01,6.738216556276756819e+01
3.560000000000000000e+03,-9.560146223712740225e-04,2.086347833328875652e+02,6.737218371251601923e+01,6.737218371251601923e+01,6.737218371251601923e+01,6.737218371251601923e+01
3.570000000000000000e+03,-9.560146223712740225e-04,2.086347833328875652e+02,6.737214635464613366e+01,6.737214635464613366e+01,6.737214635464613366e+01,6.737214635464613366e+01
3.580000000000000000e+03,-9.560146223712740225e-04,2.086347833328875652e+02,6.737214635464613366e+01,6.737214635464613366e+01,6.737214635464613366e+01,6.737214635464613366e+01
3.590000000000000000e+03,-9.560146223712740225e-04,2.086347833328875652e+02,6.737214635464613366e+01,6.737214635464613366e+01,6.737214635464613366e+01,6.737214635464613366e+01
3.600000000000000000e+03,-9.560146223712740225e-04,2.086248032171592399e+02,6.737214635464613366e+01,6.737214635464613366e+01,6.737214635464613366e+01,6.737214635464613366e+01
3.610000000000000000e+03,-9.560146223712740225e-04,2.086247641247661306e+02,6.737214635464613366e+01,6.737214635464613366e+01,6.737214635464613366e+01,6.737214635464613366e+01
3.620000000000000000e+03,-9.560146223712740225e-04,2.086247641247661306e+02,6.736248241476774012e+01,6.736218041664653811e+01,6.736218041664653811e+01,6.736218041664653811e+01
3.630000000000000000e+03,-9.560146223712740225e-04,2.086147786738234515e+02,6.736243075889201748e+01,6.736212714652469913e+01,6.736212714652469913e+01,6.736212714652469913e+01
3.640000000000000000e+03,-9.560146223712740225e-04,2.086147449166447245e+02,6.736243075889201748e+01,6.736212714652469913e+01,6.736212714652469913e+01,6.736212714652469913e+01
3.650000000000000000e+03,-9.560146223712740225e-04,2.086147449166447245e+02,6.736243075889201748e+01,6.736212714652469913e+01,6.736212714652469913e+01,6.736212714652469913e+01
3.660000000000000000e+03,-9.560146223712740225e-04,2.086147449166447245e+02,6.735245370752275562e+01,6.735230126260042027e+01,6.735230126260042027e+01,6.735230126260042027e+01
3.670000000000000000e+03,-9.560146223712740225e-04,2.086147449166447245e+02,6.734242860627814764e+01,6.734242805682923461e+01,6.734242805682923461e+01,6.734242805682923461e+01
3.680000000000000000e+03,-9.560146223712740225e-04,2.086147449166447245e+02,6.734239234264916263e+01,6.734239234264916263e+01,6.734239234264916263e+01,6.734239234264916263e+01
3.690000000000000000e+03,-9.560146223712740225e-04,2.086147449166447245e+02,6.734239234264916263e+01,6.734239234264916263e+01,6.734239234264916263e+01,6.734239234264916263e+01
3.700000000000000000e+03,-9.560146223712740225e-04,2.086050583877265865e+02,6.734239234264916263e+01,6.734239234264916263e+01,6.734239234264916263e+01,6.734239234264916263e+01
3.710000000000000000e+03,-9.560146223712740225e-04,2.086050293208905941e+02,6.734239234264916263e+01,6.734239234264916263e+01,6.734239234264916263e+01,6.734239234264916263e+01
3.720000000000000000e+03,-9.560146223712740225e-04,2.085950544087319258e+02,6.733241743049049433e+01,6.733241743049049433e+01,6.733241743049049433e+01,6.733241743049049433e+01
3.730000000000000000e+03,-9.560146223712740225e-04,2.085950101127691596e+02,6.733237164675250597e+01,6.733237160025953472e+01,6.733237160025953472e+01,6.733237160025953472e+01
3.740000000000000000e+03,-9.560146223712740225e-04,2.085950101127691596e+02,6.732271408017155068e+01,6.732241223472293257e+01,6.732241223472293257e+01,6.732241223472293257e+01
3.750000000000000000e+03,-9.560146223712740225e-04,2.085850037510053880e+02,6.732265753877361192e+01,6.732235392640630778e+01,6.732235392640630778e+01,6.732235392640630778e+01
3.760000000000000000e+03,-9.560146223712740225e-04,2.085849909046477251e+02,6.732265753877361192e+01,6.732235392640630778e+01,6.732235392640630778e+01,6.732235392640630778e+01
3.770000000000000000e+03,-9.560146223712740225e-04,2.085849909046477251e+02,6.732265753877361192e+01,6.732235392640630778e+01,6.732235392640630778e+01,6.732235392640630778e+01
3.780000000000000000e+03,-9.560146223712740225e-04,2.085753085303106502e+02,6.732265753877361192e+01,6.732235392640630778e+01,6.732235392640630778e+01,6.732235392640630778e+01
3.790000000000000000e+03,-9.560146223712740225e-04,2.085752753088936231e+02,6.731267975063258291e+01,6.731267849548166282e+01,6.731267849548166282e+01,6.731267849548166282e+01
3.800000000000000000e+03,-9.560146223712740225e-04,2.085752753088936231e+02,6.731263833065219160e+01,6.731263833065219160e+01,6.731263833065219160e+01,6.731263833065219160e+01
3.810000000000000000e+03,-9.560146223712740225e-04,2.085752753088936231e+02,6.731263833065219160e+01,6.731263833065219160e+01,6.731263833065219160e+01,6.731263833065219160e+01
3.820000000000000000e+03,-9.560146223712740225e-04,2.085652660031939263e+02,6.730262902495248056e+01,6.730262902495248056e+01,6.730262902495248056e+01,6.730262902495248056e+01
3.830000000000000000e+03,-9.560146223712740225e-04,2.085552539554665543e+02,6.730261912253075707e+01,6.730261912253075707e+01,6.730261912253075707e+01,6.730261912253075707e+01
3.840000000000000000e+03,-9.560146223712740225e-04,2.085552368926507540e+02,6.730261643868756494e+01,6.730261643868756494e+01,6.730261643868756494e+01,6.730261643868756494e+01
3.850000000000000000e+03,-9.560146223712740225e-04,2.085552368926507540e+02,6.729260439096020718e+01,6.729260439096020718e+01,6.729260439096020718e+01,6.729260439096020718e+01
3.860000000000000000e+03,-9.560146223712740225e-04,2.085552368926507540e+02,6.729259991440932254e+01,6.729259991440932254e+01,6.729259991440932254e+01,6.729259991440932254e+01
3.870000000000000000e+03,-9.560146223712740225e-04,2.085452364818683577e+02,6.728259950362692621e+01,6.728259950362692621e+01,6.728259950362692621e+01,6.728259950362692621e+01
3.880000000000000000e+03,-9.560146223712740225e-04,2.085892430310406098e+02,6.740438283112656848e+01,6.728258070628790222e+01,6.728258070628790222e+01,6.728258070628790222e+01
3.890000000000000000e+03,-9.560146223712740225e-04,6.729046310858012703e+02,1.351996222349915115e+03,6.728258070628790222e+01,6.728258070628790222e+01,6.728258070628790222e+01
3.900000000000000000e+03,-9.560146223712740225e-04,6.587066479713656690e+02,1.357910055988594422e+03,6.727287807680595222e+01,6.727287807680595222e+01,6.727287807680595222e+01
3.910000000000000000e+03,-9.560146223712740225e-04,6.441042677017768483e+02,1.362913691552052114e+03,6.727286511053378604e+01,6.727286511053378604e+01,6.727286511053378604e+01
3.920000000000000000e+03,-9.560146223712740225e-04,6.295000274168024816e+02,1.367735554416625519e+03,6.727286511053378604e+01,6.727286511053378604e+01,6.727286511053378604e+01
3.930000000000000000e+03,-9.560146223712740225e-04,6.148360277957584685e+02,1.372388149720148704e+03,6.727286511053378604e+01,6.727286511053378604e+01,6.727286511053378604e+01
3.940000000000000000e+03,-9.560146223712740225e-04,6.001323086026491183e+02,1.376862174447257303e+03,6.726286182376900058e+01,6.726286182376900058e+01,6.726286182376900058e+01
3.950000000000000000e+03,-9.560146223712740225e-04,5.853691836987887882e+02,1.381187009647658670e+03,6.725284977604164283e+01,6.725284977604164283e+01,6.725284977604164283e+01
3.960000000000000000e+03,-9.560146223712740225e-04,5.705158421956871280e+02,1.385354509419211126e+03,6.725282669429093119e+01,6.725282669429093119e+01,6.725282669429093119e+01
3.970000000000000000e+03,-9.560146223712740225e-04,5.556622924453681662e+02,1.389341170218732486e+03,6.725282669429093119e+01,6.725282669429093119e+01,6.725282669429093119e+01
3.980000000000000000e+03,-9.560146223712740225e-04,5.407695610679238598e+02,1.393148955377807624e+03,6.725282669429093119e+01,6.725282669429093119e+01,6.725282669429093119e+01
3.990000000000000000e+03,-9.560146223712740225e-04,5.258274215052413183e+02,1.396807548015071006e+03,6.724281845551728054e+01,6.724281845551728054e+01,6.724281845551728054e+01
4.000000000000000000e+03,-9.560146223712740225e-04,5.107965114798030299e+02,1.400296681520446100e+03,6.723279335427267256e+01,6.723279335427267256e+01,6.723279335427267256e+01
4.010000000000000000e+03,-9.560146223712740225e-04,4.957844981153144204e+02,1.403597415160119681e+03,6.723278827804806212e+01,6.723278827804806212e+01,6.723278827804806212e+01
4.020000000000000000e+03,-9.560146223712740225e-04,4.807331012106747039e+02,1.406749268394248020e+03,6.723278827804806212e+01,6.723278827804806212e+01,6.723278827804806212e+01
4.030000000000000000e+03,-9.560146223712740225e-04,4.656114270002974536e+02,1.409729962026892508e+03,6.723278792718997465e+01,6.723278792718997465e+01,6.723278792718997465e+01
4.040000000000000000e+03,-9.560146223712740225e-04,4.504896165127483982e+02,1.412523626738211078e+03,6.722292757715545974e+01,6.722292757715545974e+01,6.722292757715545974e+01
4.050000000000000000e+03,-9.560146223712740225e-04,4.353386775518117133e+02,1.415148415065312292e+03,6.721306722712094484e+01,6.721306722712094484e+01,6.721306722712094484e+01
4.060000000000000000e+03,-9.560146223712740225e-04,4.201577245322610565e+02,1.417624026215535878e+03,6.721305347417252563e+01,6.721305347417252563e+01,6.721305347417252563e+01
4.070000000000000000e+03,-9.560146223712740225e-04,4.048961690817519639e+02,1.419907242144290194e+03,6.721305347417252563e+01,6.721305347417252563e+01,6.721305347417252563e+01
4.080000000000000000e+03,-9.560146223712740225e-04,3.896854344003609185e+02,1.422044682650776622e+03,6.721305347417252563e+01,6.721305347417252563e+01,6.721305347417252563e+01
4.090000000000000000e+03,-9.560146223712740225e-04,3.743852437910809954e+02,1.423988430809420606e+03,6.719300500640142104e+01,6.719300500640142104e+01,6.719300500640142104e+01
4.100000000000000000e+03,-9.560146223712740225e-04,3.591447274315027585e+02,1.425763222892037675e+03,6.718332157133855276e+01,6.718332157133855276e+01,6.718332157133855276e+01
4.110000000000000000e+03,-9.560146223712740225e-04,3.438248078379804724e+02,1.427358488998770326e+03,6.718329946217555459e+01,6.718329946217555459e+01,6.718329946217555459e+01
4.120000000000000000e+03,-9.560146223712740225e-04,3.285145626220508461e+02,1.428800283947212165e+03,6.718329946217555459e+01,6.718329946217555459e+01,6.718329946217555459e+01
4.130000000000000000e+03,-9.560146223712740225e-04,3.131943203154280013e+02,1.430052909773686224e+03,6.717329850299805116e+01,6.717329850299805116e+01,6.717329850299805116e+01
4.140000000000000000e+03,-9.560146223712740225e-04,2.978643759638578103e+02,1.431156933155948764e+03,6.717328025405412006e+01,6.717328025405412006e+01,6.717328025405412006e+01
4.150000000000000000e+03,-9.560146223712740225e-04,2.824732114284125828e+02,1.432074303434027343e+03,6.717328025405412006e+01,6.717328025405412006e+01,6.717328025405412006e+01
4.160000000000000000e+03,-9.560146223712740225e-04,2.671034923611204590e+02,1.432810139707217559e+03,6.716327386900576357e+01,6.716327386900576357e+01,6.716327386900576357e+01
4.170000000000000000e+03,-9.560146223712740225e-04,2.517122147340477625e+02,1.433368485758010365e+03,6.716325412234677117e+01,6.716325412234677117e+01,6.716325412234677117e+01
4.180000000000000000e+03,-9.560146223712740225e-04,2.363425078910089212e+02,1.433766237108633732e+03,6.715324207461942763e+01,6.715324207461942763e+01,6.715324207461942763e+01
4.190000000000000000e+03,-9.560146223712740225e-04,2.209728010479700799e+02,1.433994697838259526e+03,6.715324183781126521e+01,6.715324183781126521e+01,6.715324183781126521e+01
4.200000000000000000e+03,2.810653954167316115e+00,2.091492880592486188e+02,1.434293187117350726e+03,6.739183759427422160e+01,6.739183759427422160e+01,6.739183759427422160e+01
4.210000000000000000e+03,1.820338348225680747e+01,2.131834700840370260e+02,1.435467905695134050e+03,6.869595711810515581e+01,6.869595711810515581e+01,6.869595711810515581e+01
4.220000000000000000e+03,3.352224215990308664e+01,2.172190166932331010e+02,1.436469454714886524e+03,6.998495978401017226e+01,6.998495978401017226e+01,6.998495978401017226e+01
4.230000000000000000e+03,4.892306012626340816e+01,2.212662242287804588e+02,1.437307121199925859e+03,7.129089447569995741e+01,7.129089447569995741e+01,7.129089447569995741e+01
4.240000000000000000e+03,6.429309867984541427e+01,2.253223090665520942e+02,1.437983233170579979e+03,7.259307094664519866e+01,7.259307094664519866e+01,7.259307094664519866e+01
4.250000000000000000e+03,7.967402620410803138e+01,2.293695605980871619e+02,1.438472040670485512e+03,7.389904600298832804e+01,7.389904600298832804e+01,7.389904600298832804e+01
4.260000000000000000e+03,9.496323176878277650e+01,2.334048046244977854e+02,1.438779464780476019e+03,7.519803390081233374e+01,7.519803390081233374e+01,7.519803390081233374e+01
4.270000000000000000e+03,1.103242148593325140e+02,2.374322958658171956e+02,1.438929619605184826e+03,7.649398786895481805e+01,7.649398786895481805e+01,7.649398786895481805e+01
4.280000000000000000e+03,1.256345115165921982e+02,2.414783565277679145e+02,1.438899778502884146e+03,7.778615292308737139e+01,7.778615292308737139e+01,7.778615292308737139e+01
4.290000000000000000e+03,1.409646106684566007e+02,2.455152450099063799e+02,1.438700823287697631e+03,7.907196571139030539e+01,7.907196571139030539e+01,7.907196571139030539e+01
4.300000000000000000e+03,1.562448158727212615e+02,2.495416051732332789e+02,1.438313083984801779e+03,8.036443005437662634e+01,8.036443005437662634e+01,8.036443005437662634e+01
4.310000000000000000e+03,1.714858982651030601e+02,2.535481053555000983e+02,1.437766464833428245e+03,8.165689439736296151e+01,8.165689439736296151e+01,8.165689439736296151e+01
4.320000000000000000e+03,1.867269561974261478e+02,2.575545931210647836e+02,1.437040982935157672e+03,8.294935874034929668e+01,8.294935874034929668e+01,8.294935874034929668e+01
4.330000000000000000e+03,2.019680141297492355e+02,2.615719990917015139e+02,1.436134194561277809e+03,8.424529625080167250e+01,8.424529625080167250e+01,8.424529625080167250e+01
4.340000000000000000e+03,2.171390028035060027e+02,2.655683248611369436e+02,1.435060492096669805e+03,8.552774966440738069e+01,8.552774966440738069e+01,8.552774966440738069e+01
4.350000000000000000e+03,2.323099856689253784e+02,2.695549479770767789e+02,1.433807915405483527e+03,8.681020195966630126e+01,8.681020195966630126e+01,8.681020195966630126e+01
4.360000000000000000e+03,2.474719111403363172e+02,2.735522681218284902e+02,1.432402600392803379e+03,8.808608159569139673e+01,8.808608159569139673e+01,8.808608159569139673e+01
4.370000000000000000e+03,2.625634044147082022e+02,2.775190110918695723e+02,1.430811898385695940e+03,8.936853389095033151e+01,8.936853389095033151e+01,8.936853389095033151e+01
4.380000000000000000e+03,2.776148597557537414e+02,2.814857540619106544e+02,1.429032229465989076e+03,9.064128002055417710e+01,9.064128002055417710e+01,9.064128002055417710e+01
4.390000000000000000e+03,2.926364397389160672e+02,2.854426462593612541e+02,1.427113692015255310e+03,9.190371823983851129e+01,9.190371823983851129e+01,9.190371823983851129e+01
4.400000000000000000e+03,3.076579765198596874e+02,2.893897981221924738e+02,1.424991080215525017e+03,9.316973793053638531e+01,9.316973793053638531e+01,9.316973793053638531e+01
4.410000000000000000e+03,3.226102113122055357e+02,2.933266566467441407e+02,1.422714401241400992e+03,9.442215408261326104e+01,9.442215408261326104e+01,9.442215408261326104e+01
4.420000000000000000e+03,3.375127146777429061e+02,2.972438045448166690e+02,1.420268817360367393e+03,9.568488040854104781e+01,9.568488040854104781e+01,9.568488040854104781e+01
4.430000000000000000e+03,3.523763380401177301e+02,3.011513420014238136e+02,1.417634363562185627e+03,9.693761223068156596e+01,9.693761223068156596e+01,9.693761223068156596e+01
4.440000000000000000e+03,3.672399024126012819e+02,3.050588642477524104e+02,1.414843272248007679e+03,9.819379931377316950e+01,9.819379931377316950e+01,9.819379931377316950e+01
4.450000000000000000e+03,3.820031218796714256e+02,3.089359538813259860e+02,1.411880616306866386e+03,9.943650681350847265e+01,9.943650681350847265e+01,9.943650681350847265e+01
4.460000000000000000e+03,3.967269237147064587e+02,3.128230495291846864e+02,1.408739064958803056e+03,1.006889171149749984e+02,1.006889171149749984e+02,1.006889171149749984e+02
4.470000000000000000e+03,4.114007075121801336e+02,3.166806259313638634e+02,1.405438939055712353e+03,1.019219415504139903e+02,1.019219415504139903e+02,1.019219415504139903e+02
4.480000000000000000e+03,4.260431426991752915e+02,3.205381633739089011e+02,1.401970327140649033e+03,1.031478318205523834e+02,1.031478318205523834e+02,1.031478318205523834e+02
4.490000000000000000e+03,4.406176598813378860e+02,3.243655004569890821e+02,1.398312012496262696e+03,1.043805263033334398e+02,1.043805263033334398e+02,1.043805263033334398e+02
4.500000000000000000e+03,4.551324497674179952e+02,3.281831329181989076e+02,1.394514228704774723e+03,1.056035214262290083e+02,1.056035214262290083e+02,1.056035214262290083e+02
4.510000000000000000e+03,4.696166213988402092e+02,3.319812507762471228e+02,1.390527151829386185e+03,1.068395065560142854e+02,1.068395065560142854e+02,1.068395065560142854e+02
4.520000000000000000e+03,4.840121256584691309e+02,3.357688387710457505e+02,1.386381557279488106e+03,1.080524813079531725e+02,1.080524813079531725e+02,1.080524813079531725e+02
4.530000000000000000e+03,4.983381742856319079e+02,3.395367122850134933e+02,1.382076730384419989e+03,1.092552955197716216e+02,1.092552955197716216e+02,1.092552955197716216e+02
4.540000000000000000e+03,5.126144954352952254e+02,3.432848792027190257e+02,1.377583335803056571e+03,1.104581065262902513e+02,1.104581065262902513e+02,1.104581065262902513e+02
4.550000000000000000e+03,5.268111116182557225e+02,3.470230312278995370e+02,1.372950731370295898e+03,1.116413826924621304e+02,1.116413826924621304e+02,1.116413826924621304e+02
4.560000000000000000e+03,5.409865469702205019e+02,3.507511783657467959e+02,1.368126699164487491e+03,1.128475282064500647e+02,1.128475282064500647e+02,1.128475282064500647e+02
4.570000000000000000e+03,5.550538302671369593e+02,3.544495826448625166e+02,1.363155940661907607e+03,1.140306298055031675e+02,1.140306298055031675e+02,1.140306298055031675e+02
4.580000000000000000e+03,5.690419698471433776e+02,3.581079724148694368e+02,1.358026019827844266e+03,1.152137201119527674e+02,1.152137201119527674e+02,1.152137201119527674e+02
4.590000000000000000e+03,5.829703599072488487e+02,3.617766096235064310e+02,1.352717550288108214e+03,1.163766733418991919e+02,1.163766733418991919e+02,1.163766733418991919e+02
4.600000000000000000e+03,5.968454067843954363e+02,3.654344932543574487e+02,1.347245950555356785e+03,1.175429195736622177e+02,1.175429195736622177e+02,1.175429195736622177e+02
4.610000000000000000e+03,6.106344875089349671e+02,3.690434177638007895e+02,1.341628996186364702e+03,1.187061397398176865e+02,1.187061397398176865e+02,1.187061397398176865e+02
4.620000000000000000e+03,6.243341332892200626e+02,3.726523058764352072e+02,1.335843189254646404e+03,1.198593602030432521e+02,1.198593602030432521e+02,1.198593602030432521e+02
4.630000000000000000e+03,6.379823253351222547e+02,3.762414350233992764e+02,1.329882042979064181e+03,1.210060443705730506e+02,1.210060443705730506e+02,1.210060443705730506e+02
4.640000000000000000e+03,6.515228742945062095e+02,3.798005698849376586e+02,1.323777744942166692e+03,1.221492386006623576e+02,1.221492386006623576e+02,1.221492386006623576e+02
4.650000000000000000e+03,6.649839871477514635e+02,3.833296900942262369e+02,1.317504579676550293e+03,1.232824287271971286e+02,1.232824287271971286e+02,1.232824287271971286e+02
4.660000000000000000e+03,6.783456742065301341e+02,3.868490916191627207e+02,1.311092533618796551e+03,1.243959203651340033e+02,1.243959203651340033e+02,1.243959203651340033e+02
4.670000000000000000e+03,6.916725133288222196e+02,3.903479034294119856e+02,1.304494519255067644e+03,1.255122820534750900e+02,1.255122820534750900e+02,1.255122820534750900e+02
4.680000000000000000e+03,7.048651051627397237e+02,3.938175439741954733e+02,1.297773750514634230e+03,1.266257442079552931e+02,1.266257442079552931e+02,1.266257442079552931e+02
4.690000000000000000e+03,7.180123099532586366e+02,3.972563953659048366e+02,1.290866364997232267e+03,1.277420729127874210e+02,1.277420729127874210e+02,1.277420729127874210e+02
4.700000000000000000e+03,7.309920468330000176e+02,4.006673853668012271e+02,1.283836191141587960e+03,1.288130003092718141e+02,1.288130003092718141e+02,1.288130003092718141e+02
4.710000000000000000e+03,7.439501864461494733e+02,4.040664071845681633e+02,1.276620115606148147e+03,1.299195445963252666e+02,1.299195445963252666e+02,1.299195445963252666e+02
4.720000000000000000e+03,7.567847991944191790e+02,4.074465470469384627e+02,1.269253163559194718e+03,1.309932815809799820e+02,1.309932815809799820e+02,1.309932815809799820e+02
4.730000000000000000e+03,7.695454127665124133e+02,4.108062243112706824e+02,1.261736500737790948e+03,1.320699546056459326e+02,1.320699546056459326e+02,1.320699546056459326e+02
4.740000000000000000e+03,7.821563423144251601e+02,4.141074371491890247e+02,1.254112638480448368e+03,1.331207393353765269e+02,1.331207393353765269e+02,1.331207393353765269e+02
4.750000000000000000e+03,7.947275334875143926e+02,4.174075011219313751e+02,1.246297317866111598e+03,1.341773389085592783e+02,1.341773389085592783e+02,1.341773389085592783e+02
4.760000000000000000e+03,8.071647171537729264e+02,4.206681197935697583e+02,1.238334205441643917e+03,1.352213315396292046e+02,1.352213315396292046e+02,1.352213315396292046e+02
4.770000000000000000e+03,8.195345404162433169e+02,4.239177580754564474e+02,1.230210749687750877e+03,1.362680220592044122e+02,1.362680220592044122e+02,1.362680220592044122e+02
4.780000000000000000e+03,8.317729034837037716e+02,4.271389068851948423e+02,1.221969014035820919e+03,1.372819694381387592e+02,1.372819694381387592e+02,1.372819694381387592e+02
4.790000000000000000e+03,8.438917599198549624e+02,4.303103118179415674e+02,1.213588359507901714e+03,1.383059262557360114e+02,1.383059262557360114e+02,1.383059262557360114e+02
4.800000000000000000e+03,8.559211708996225525e+02,4.334717015061602865e+02,1.205058240793980303e+03,1.393101842252015103e+02,1.393101842252015103e+02,1.393101842252015103e+02
4.810000000000000000e+03,8.678543844960491924e+02,4.366020401955014449e+02,1.196345459277144982e+03,1.403168891955409379e+02,1.403168891955409379e+02,1.403168891955409379e+02
4.820000000000000000e+03,8.796652634650898790e+02,4.397039546186685470e+02,1.187517260344699935e+03,1.412913951743371683e+02,1.412913951743371683e+02,1.412913951743371683e+02
4.830000000000000000e+03,8.913566467770116333e+02,4.427758434833210117e+02,1.178569869043604058e+03,1.422853116152037387e+02,1.422853116152037387e+02,1.422853116152037387e+02
4.840000000000000000e+03,9.029689671546295813e+02,4.458158967482193020e+02,1.169439476428196485e+03,1.432623531863535788e+02,1.432623531863535788e+02,1.432623531863535788e+02
4.850000000000000000e+03,9.144315364141866667e+02,4.488182942708310179e+02,1.160193791473767078e+03,1.442068251537377250e+02,1.442068251537377250e+02,1.442068251537377250e+02
4.860000000000000000e+03,9.257848951416254977e+02,4.517909622596994836e+02,1.150818874056331197e+03,1.451710156894209263e+02,1.451710156894209263e+02,1.451710156894209263e+02
4.870000000000000000e+03,9.370090858976525396e+02,4.547536242789517473e+02,1.141304782697865221e+03,1.461154974970716864e+02,1.461154974970716864e+02,1.461154974970716864e+02
4.880000000000000000e+03,9.481530180303169573e+02,4.576741631896733793e+02,1.131616591929253900e+03,1.470423790192581350e+02,1.470423790192581350e+02,1.470423790192581350e+02
4.890000000000000000e+03,9.591483702026564515e+02,4.605570261443812683e+02,1.121843923161194652e+03,1.479671281548032766e+02,1.479671281548032766e+02,1.479671281548032766e+02
4.900000000000000000e+03,9.700248088171817926e+02,4.634104640605484633e+02,1.111911995163920437e+03,1.488815633593135033e+02,1.488815633593135033e+02,1.488815633593135033e+02
4.910000000000000000e+03,9.807717918097345091e+02,4.662338874036618677e+02,1.101871218737096115e+03,1.497665930604238724e+02,1.497665930604238724e+02,1.497665930604238724e+02
4.920000000000000000e+03,9.913996168000451235e+02,4.690176027423905794e+02,1.091681313308937206e+03,1.506712870021636377e+02,1.506712870021636377e+02,1.506712870021636377e+02
4.930000000000000000e+03,1.001927365690396869e+03,4.717792143327703798e+02,1.081343368991835177e+03,1.515484660981560410e+02,1.515484660981560410e+02,1.515484660981560410e+02
4.940000000000000000e+03,1.012306557202614272e+03,4.745031070872134933e+02,1.070914780932607755e+03,1.524134492357100612e+02,1.524134492357100612e+02,1.524134492357100612e+02
4.950000000000000000e+03,1.022556287051387699e+03,4.771872839636240542e+02,1.060336740044318958e+03,1.532784294802767420e+02,1.532784294802767420e+02,1.532784294802767420e+02
4.960000000000000000e+03,1.032693795873292856e+03,4.798489542103218923e+02,1.049621939667755441e+03,1.541155996603340554e+02,1.541155996603340554e+02,1.541155996603340554e+02
4.970000000000000000e+03,1.042684909319039662e+03,4.824733242964325655e+02,1.038805287377579816e+03,1.549508471571042776e+02,1.549508471571042776e+02,1.549508471571042776e+02
4.980000000000000000e+03,1.052547143303964731e+03,4.850482653187455639e+02,1.027879466602941648e+03,1.557660804317233101e+02,1.557660804317233101e+02,1.557660804317233101e+02
4.990000000000000000e+03,1.062270223487681960e+03,4.875934851337544842e+02,1.016814501750805789e+03,1.565913037837204058e+02,1.565913037837204058e+02,1.565913037837204058e+02
5.000000000000000000e+03,1.071880966485560521e+03,4.901156496820436246e+02,1.005599382203079131e+03,1.573987819020942425e+02,1.573987819020942425e+02,1.573987819020942425e+02
5.010000000000000000e+03,1.081325361446316492e+03,4.925910526337866031e+02,9.943158044143459620e+02,1.581939812079550336e+02,1.581939812079550336e+02,1.581939812079550336e+02
5.020000000000000000e+03,1.090660597949789462e+03,4.950467464196314040e+02,9.829027525665558187e+02,1.589694713479174482e+02,1.589694713479174482e+02,1.589694713479174482e+02
5.030000000000000000e+03,1.099836998071144762e+03,4.974427374831188899e+02,9.713608495421524367e+02,1.597449499537092663e+02,1.597449499537092663e+02,1.597449499537092663e+02
5.040000000000000000e+03,1.108897761247848393e+03,4.998251615410941326e+02,9.596988455994786591e+02,1.605027168828821686e+02,1.605027168828821686e+02,1.605027168828821686e+02
5.050000000000000000e+03,1.117795761337085651e+03,5.021613117637040773e+02,9.479377357719413340e+02,1.612481608739673788e+02,1.612481608739673788e+02,1.612481608739673788e+02
5.060000000000000000e+03,1.126564300143192440e+03,5.044580479466395104e+02,9.360874902898904111e+02,1.619738991931862415e+02,1.619738991931862415e+02,1.619738991931862415e+02
5.070000000000000000e+03,1.135173998173240307e+03,5.067147650896778828e+02,9.241081244305124756e+02,1.626996209557269140e+02,1.626996209557269140e+02,1.626996209557269140e+02
5.080000000000000000e+03,1.143654495976590397e+03,5.089417547113284286e+02,9.120289671213286056e+02,1.634056667824897318e+02,1.634056667824897318e+02,1.634056667824897318e+02
5.090000000000000000e+03,1.151986177947849683e+03,5.111190685276893646e+02,8.998409894255357813e+02,1.640917035232673697e+02,1.640917035232673697e+02,1.640917035232673697e+02
5.100000000000000000e+03,1.160178672050436489e+03,5.132666110866936151e+02,8.875535411376649790e+02,1.647776804902843253e+02,1.647776804902843253e+02,1.647776804902843253e+02
5.110000000000000000e+03,1.168232952077057462e+03,5.153699592587994402e+02,8.751244563771813318e+02,1.654554467457850819e+02,1.654554467457850819e+02,1.654554467457850819e+02
5.120000000000000000e+03,1.176127096975655377e+03,5.174379910978620956e+02,8.626180858123053667e+02,1.661117452075178846e+02,1.661117452075178846e+02,1.661117452075178846e+02
5.130000000000000000e+03,1.183872051193195148e+03,5.194759952137645769e+02,8.500220071377326576e+02,1.667580098157798716e+02,1.667580098157798716e+02,1.667580098157798716e+02
5.140000000000000000e+03,1.191458171380855219e+03,5.214746166080460625e+02,8.373171493408503920e+02,1.673851102953402972e+02,1.673851102953402972e+02,1.673851102953402972e+02
5.150000000000000000e+03,1.198924708519079104e+03,5.234183277152302480e+02,8.244995176804469565e+02,1.680121348095482858e+02,1.680121348095482858e+02,1.680121348095482858e+02
5.160000000000000000e+03,1.206222140684056512e+03,5.253273873404069718e+02,8.116151070868791066e+02,1.686186792639326484e+02,1.686186792639326484e+02,1.686186792639326484e+02
5.170000000000000000e+03,1.213351004742715531e+03,5.271864658017398142e+02,7.986316482427768051e+02,1.692251666399020564e+02,1.692251666399020564e+02,1.692251666399020564e+02
5.180000000000000000e+03,1.220350576975027934e+03,5.290357015473123283e+02,7.855487479423513832e+02,1.698117142145194691e+02,1.698117142145194691e+02,1.698117142145194691e+02
5.190000000000000000e+03,1.227181144246093027e+03,5.308157610434849403e+02,7.723866325071846859e+02,1.703785539156909863e+02,1.703785539156909863e+02,1.703785539156909863e+02
5.200000000000000000e+03,1.233881182748724541e+03,5.325704389286995593e+02,7.590982660257556063e+02,1.709368769109993025e+02,1.709368769109993025e+02,1.709368769109993025e+02
5.210000000000000000e+03,1.240421637060245075e+03,5.342952664715388664e+02,7.457097537376455421e+02,1.714851483288405518e+02,1.714851483288405518e+02,1.714851483288405518e+02
5.220000000000000000e+03,1.246767186520336963e+03,5.359609401530964305e+02,7.323257803982763789e+02,1.720107267486986586e+02,1.720107267486986586e+02,1.720107267486986586e+02
5.230000000000000000e+03,1.252998538396342838e+03,5.375760854485125719e+02,7.187683248438885357e+02,1.725291826524434668e+02,1.725291826524434668e+02,1.725291826524434668e+02
5.240000000000000000e+03,1.259053316334537385e+03,5.391668591248828761e+02,7.051881090227062714e+02,1.730361902565480534e+02,1.730361902565480534e+02,1.730361902565480534e+02
5.250000000000000000e+03,1.264929528643545609e+03,5.407179625204511240e+02,6.915286309413161234e+02,1.735334910027384865e+02,1.735334910027384865e+02,1.735334910027384865e+02
5.260000000000000000e+03,1.270676405059384024e+03,5.422193814827303413e+02,6.777598159309864059e+02,1.740008518527839101e+02,1.740008518527839101e+02,1.740008518527839101e+02
5.270000000000000000e+03,1.276259086599778129e+03,5.436848364068371211e+02,6.639054229556664950e+02,1.744792813431938612e+02,1.744792813431938612e+02,1.744792813431938612e+02
5.280000000000000000e+03,1.281667971042312047e+03,5.451066873434365334e+02,6.499870613199461786e+02,1.749265867943708201e+02,1.749265867943708201e+02,1.749265867943708201e+02
5.290000000000000000e+03,1.286941290915332729e+03,5.464624075738075817e+02,6.359929077587640904e+02,1.753652589174604373e+02,1.753652589174604373e+02,1.753652589174604373e+02
5.300000000000000000e+03,1.292031728401216924e+03,5.478146473958452134e+02,6.219455063449640875e+02,1.757927657918814077e+02,1.757927657918814077e+02,1.757927657918814077e+02
5.310000000000000000e+03,1.296953570037228928e+03,5.490972920823548975e+02,6.078284080452521039e+02,1.762002810027704243e+02,1.762002810027704243e+02,1.762002810027704243e+02
5.320000000000000000e+03,1.301716217080125261e+03,5.503597898108713480e+02,5.936222288297105933e+02,1.765980660642844668e+02,1.765980660642844668e+02,1.765980660642844668e+02
5.330000000000000000e+03,1.306334329903986145e+03,5.515594264531922590e+02,5.793193222127777062e+02,1.769879164185316824e+02,1.769879164185316824e+02,1.769879164185316824e+02
5.340000000000000000e+03,1.310754723166764279e+03,5.527164299874283415e+02,5.650698308504668148e+02,1.773440103596894062e+02,1.773440103596894062e+02,1.773440103596894062e+02
5.350000000000000000e+03,1.315043327144885779e+03,5.538461242500812887e+02,5.506178655631664469e+02,1.777136348243440409e+02,1.777136348243440409e+02,1.777136348243440409e+02
5.360000000000000000e+03,1.319139651918527079e+03,5.549198940006933753e+02,5.361825993975176061e+02,1.780516476711615894e+02,1.780516476711615894e+02,1.780516476711615894e+02
5.370000000000000000e+03,1.323087001856510597e+03,5.559465986776981481e+02,5.216398748678691391e+02,1.783707739399855541e+02,1.783707739399855541e+02,1.783707739399855541e+02
5.380000000000000000e+03,1.326864577803581824e+03,5.569408253565634368e+02,5.070853914261465434e+02,1.786987443519029739e+02,1.786987443519029739e+02,1.786987443519029739e+02
5.390000000000000000e+03,1.330453838955545052e+03,5.578653058150184734e+02,4.924711688304203676e+02,1.789869897426301861e+02,1.789869897426301861e+02,1.789869897426301861e+02
5.400000000000000000e+03,1.333893613832831079e+03,5.587800546766203524e+02,4.778072199951097900e+02,1.792852152650364701e+02,1.792852152650364701e+02,1.792852152650364701e+02
5.410000000000000000e+03,1.337173879001400792e+03,5.596375004262262109e+02,4.630528026443637941e+02,1.795545184477988414e+02,1.795545184477988414e+02,1.795545184477988414e+02
5.420000000000000000e+03,1.340265781376840323e+03,5.604527238275417176e+02,4.482895831772950146e+02,1.798029992686687422e+02,1.798029992686687422e+02,1.798029992686687422e+02
5.430000000000000000e+03,1.343198798262634000e+03,5.612082135619483552e+02,4.334766361905660119e+02,1.800614862367873457e+02,1.800614862367873457e+02,1.800614862367873457e+02
5.440000000000000000e+03,1.345959725788507285e+03,5.619458553972690424e+02,4.185651925405338716e+02,1.802908754295350775e+02,1.802908754295350775e+02,1.802908754295350775e+02
5.450000000000000000e+03,1.348544654474480240e+03,5.626218203165586829e+02,4.036624111960520054e+02,1.805096235026085765e+02,1.805096235026085765e+02,1.805096235026085765e+02
5.460000000000000000e+03,1.350970321105270386e+03,5.632483381596678100e+02,3.887302042908998487e+02,1.807083500601734727e+02,1.807083500601734727e+02,1.807083500601734727e+02
5.470000000000000000e+03,1.353217418157847760e+03,5.638448388390112314e+02,3.737382751491598469e+02,1.808973735797459597e+02,1.808973735797459597e+02,1.808973735797459597e+02
5.480000000000000000e+03,1.355300692197355374e+03,5.643830272794114080e+02,3.586771420387059379e+02,1.810666160151052111e+02,1.810666160151052111e+02,1.810666160151052111e+02
5.490000000000000000e+03,1.357209655964038802e+03,5.648900009688786668e+02,3.436056728597874894e+02,1.812358275724762393e+02,1.812358275724762393e+02,1.812358275724762393e+02
5.500000000000000000e+03,1.358949390034081034e+03,5.653375319692032690e+02,3.285241954730045109e+02,1.813750975422282465e+02,1.813750975422282465e+02,1.813750975422282465e+02
5.510000000000000000e+03,1.360520556678758794e+03,5.657550370206622574e+02,3.133731615071237684e+02,1.815043549767824800e+02,1.815043549767824800e+02,1.815043549767824800e+02
5.520000000000000000e+03,1.361902562666509766e+03,5.661231453260918443e+02,2.982220510394656117e+02,1.816236075240033756e+02,1.816236075240033756e+02,1.816236075240033756e+02
5.530000000000000000e+03,1.363129335488816423e+03,5.664521247088580367e+02,2.829991169804526976e+02,1.817331574662245828e+02,1.817331574662245828e+02,1.817331574662245828e+02
5.540000000000000000e+03,1.364183109746904620e+03,5.667206583234180926e+02,2.677883834308905762e+02,1.818226686228736924e+02,1.818226686228736924e+02,1.818226686228736924e+02
5.550000000000000000e+03,1.365068314910984782e+03,5.669591628548014342e+02,2.525379582908821874e+02,1.818824729108984855e+02,1.818824729108984855e+02,1.818824729108984855e+02
5.560000000000000000e+03,1.365776193321411029e+03,5.671387459356641330e+02,2.372277051314784444e+02,1.819521130103964310e+02,1.819521130103964310e+02,1.819521130103964310e+02
5.570000000000000000e+03,1.366313205683625711e+03,5.672877135225062375e+02,2.219474994798051739e+02,1.820018701488657769e+02,1.820018701488657769e+02,1.820018701488657769e+02
5.580000000000000000e+03,1.366671039739236676e+03,5.673772585717647416e+02,2.066472847979030973e+02,1.820316175144780857e+02,1.820316175144780857e+02,1.820316175144780857e+02
