part1,part2,area_mm2,mesh_facets
battery,pcb2,3599.9999999999995,16
bolts,panel5,99.9999999999998,4
bolts,panel6,99.9999999999998,4
bolts,pcb1,159.9999999999997,16
bolts,pcb2,160.0,16
bolts,pcb3,160.0,16
bolts,pcb4,160.0,16
frame,panel1,1820.000000000001,68
frame,panel2,1820.000000000001,68
frame,panel3,1820.000000000001,68
frame,panel4,1820.000000000001,68
frame,panel5,1820.0000000000025,96
frame,panel6,1820.0000000000025,96
frame,pcb1,31.999999999999986,8
frame,pcb2,32.00000000000005,8
frame,pcb3,32.00000000000005,8
frame,pcb4,32.00000000000005,8
panel1,panel3,192.00000000000003,12
panel1,panel4,192.00000000000017,12
panel1,panel5,200.00000000000003,16
panel1,panel6,200.00000000000003,16
panel2,panel3,192.00000000000003,12
panel2,panel4,192.00000000000017,12
panel2,panel5,200.00000000000023,16
panel2,panel6,200.00000000000023,16
panel3,panel5,192.0,14
panel3,panel6,192.0,14
panel4,panel5,192.0000000000002,14
panel4,panel6,192.0000000000002,14
