phase_s,p05_K,p50_K,p95_K
0.000000000000000000e+00,2.634416949385993689e+02,2.662267671042044981e+02,2.689653748521399166e+02
1.000000000000000000e+01,2.635365962430826130e+02,2.663275396312714065e+02,2.690740607369685904e+02
2.000000000000000000e+01,2.636346552928413303e+02,2.664275278550504709e+02,2.691815207693906586e+02
3.000000000000000000e+01,2.637336042055438838e+02,2.665270880040869201e+02,2.692815804810972509e+02
4.000000000000000000e+01,2.638290552388110655e+02,2.666269839639506358e+02,2.693844069266546057e+02
5.000000000000000000e+01,2.639229430158242167e+02,2.667283271523670010e+02,2.694945326728962982e+02
6.000000000000000000e+01,2.640230025392883704e+02,2.668271986625037471e+02,2.696010073577598973e+02
7.000000000000000000e+01,2.641115007671077137e+02,2.669269240762386062e+02,2.697069576972223217e+02
8.000000000000000000e+01,2.642085411526509233e+02,2.670291942987568632e+02,2.698065828332923957e+02
9.000000000000000000e+01,2.643052956472360506e+02,2.671328246631392176e+02,2.699114600687813663e+02
1.000000000000000000e+02,2.643999512022498948e+02,2.672347662696243447e+02,2.700213179861403887e+02
1.100000000000000000e+02,2.644940498705490199e+02,2.673388986373515195e+02,2.701259266075374512e+02
1.200000000000000000e+02,2.645903253531579367e+02,2.674375799972557388e+02,2.702279455842943321e+02
1.300000000000000000e+02,2.646870303491403433e+02,2.675441505277599390e+02,2.703355849235204573e+02
1.400000000000000000e+02,2.647858581637381690e+02,2.676488833129050136e+02,2.704450831113416598e+02
1.500000000000000000e+02,2.648818170461694876e+02,2.677534608145057291e+02,2.705493654586072694e+02
1.600000000000000000e+02,2.649802723215585161e+02,2.678519822903701879e+02,2.706574421509342869e+02
1.700000000000000000e+02,2.650764608877540809e+02,2.679550522990132890e+02,2.707653634848406341e+02
1.800000000000000000e+02,2.651727568619554631e+02,2.680586302483143299e+02,2.708799360586169769e+02
1.900000000000000000e+02,2.652696826216541695e+02,2.681628297923440414e+02,2.709934032042548893e+02
2.000000000000000000e+02,2.653679588661175330e+02,2.682656462397727068e+02,2.711024742050601049e+02
2.100000000000000000e+02,2.654667954259101066e+02,2.683731770461634483e+02,2.712115781559308516e+02
2.200000000000000000e+02,2.655659519734257401e+02,2.684779142925376618e+02,2.713234595340708779e+02
2.300000000000000000e+02,2.656631862427522606e+02,2.685842935649022820e+02,2.714369049891273562e+02
2.400000000000000000e+02,2.657594578831483432e+02,2.686899700145892211e+02,2.715466628648166534e+02
2.500000000000000000e+02,2.658576763706302017e+02,2.687925661256812191e+02,2.716530848010127670e+02
2.600000000000000000e+02,2.659619281235530366e+02,2.688949275002186141e+02,2.717660252719895198e+02
2.700000000000000000e+02,2.660630376326971600e+02,2.689967342857227095e+02,2.718746632895655466e+02
2.800000000000000000e+02,2.661644787521750573e+02,2.691017404492053515e+02,2.719813332311131830e+02
2.900000000000000000e+02,2.662637387493373922e+02,2.692068700967364521e+02,2.720877105619584881e+02
3.000000000000000000e+02,2.663619042884245118e+02,2.693128567816395957e+02,2.721971952027849966e+02
3.100000000000000000e+02,2.664569290300962052e+02,2.694188486022778761e+02,2.723057799576425850e+02
3.200000000000000000e+02,2.665580590831099812e+02,2.695238138243796016e+02,2.724168025666848507e+02
3.300000000000000000e+02,2.666527753546081385e+02,2.696274690122349966e+02,2.725309614374477860e+02
3.400000000000000000e+02,2.667508522521638952e+02,2.697296823389352767e+02,2.726444486669628873e+02
3.500000000000000000e+02,2.668519362203184642e+02,2.698360256943622062e+02,2.727608482831843730e+02
3.600000000000000000e+02,2.669532681645957268e+02,2.699392203454464152e+02,2.728723552019973226e+02
3.700000000000000000e+02,2.670528419629220593e+02,2.700449279084866703e+02,2.729816287255374618e+02
3.800000000000000000e+02,2.671532124792267950e+02,2.701486463775027005e+02,2.730972830001036868e+02
3.900000000000000000e+02,2.672515713004585223e+02,2.702556179789509088e+02,2.732119526869855122e+02
4.000000000000000000e+02,2.673518825656698823e+02,2.703622043815852294e+02,2.733250773857988065e+02
4.100000000000000000e+02,2.674520823926481512e+02,2.704696380749312539e+02,2.734382388158215349e+02
4.200000000000000000e+02,2.675495963240126684e+02,2.705766475715506658e+02,2.735517326913085867e+02
4.300000000000000000e+02,2.676513879770023436e+02,2.706822838432327671e+02,2.736649059081752853e+02
4.400000000000000000e+02,2.677534526408828697e+02,2.707893813417588262e+02,2.737824511078881073e+02
4.500000000000000000e+02,2.678548303650508160e+02,2.708996935680535216e+02,2.738926450266561119e+02
4.600000000000000000e+02,2.679539812159962366e+02,2.710086417572317714e+02,2.740061491971786722e+02
4.700000000000000000e+02,2.680510920172548595e+02,2.711169338337887211e+02,2.741242853349048119e+02
4.800000000000000000e+02,2.681483353327749342e+02,2.712245850372694349e+02,2.742409901674795947e+02
4.900000000000000000e+02,2.682555040034490048e+02,2.713315288919530985e+02,2.743533424825245675e+02
5.000000000000000000e+02,2.683518206658804957e+02,2.714376013997590462e+02,2.744680258411299292e+02
5.100000000000000000e+02,2.684507732259731938e+02,2.715443622694774604e+02,2.745808874085416846e+02
5.200000000000000000e+02,2.685526841896686392e+02,2.716527443156084018e+02,2.746993877943351663e+02
5.300000000000000000e+02,2.686503577738241120e+02,2.717613446535659705e+02,2.748162830144669897e+02
5.400000000000000000e+02,2.687463953501484752e+02,2.718723751178341672e+02,2.749305565287717172e+02
5.500000000000000000e+02,2.688492617428194080e+02,2.719804152105582489e+02,2.750489305018680852e+02
5.600000000000000000e+02,2.689511232119774036e+02,2.720890185178713523e+02,2.751695075258874681e+02
5.700000000000000000e+02,2.690529404744684712e+02,2.721978418563750211e+02,2.752851638166240491e+02
5.800000000000000000e+02,2.691558786722525269e+02,2.723101200106718238e+02,2.754007711885375329e+02
5.900000000000000000e+02,2.692569439137649852e+02,2.724201136542213249e+02,2.755151714623949033e+02
6.000000000000000000e+02,2.693559950491082304e+02,2.725269221130188839e+02,2.756357020554719384e+02
6.100000000000000000e+02,2.694576461147811983e+02,2.726363973021354354e+02,2.757474562583741999e+02
6.200000000000000000e+02,2.695612116506989651e+02,2.727461244230708530e+02,2.758619235817679964e+02
6.300000000000000000e+02,2.696578953706955986e+02,2.728560654486619796e+02,2.759816329167297226e+02
6.400000000000000000e+02,2.697613921655435547e+02,2.729632182289886941e+02,2.760972343606488835e+02
6.500000000000000000e+02,2.698600410291749654e+02,2.730706918955271476e+02,2.762124458544864751e+02
6.600000000000000000e+02,2.699673845595008288e+02,2.731806027263569945e+02,2.763310608846239234e+02
6.700000000000000000e+02,2.700655365797740615e+02,2.732881835370253611e+02,2.764475232327552590e+02
6.800000000000000000e+02,2.701622612107981922e+02,2.733956822789096464e+02,2.765639928456536154e+02
6.900000000000000000e+02,2.702630144280631157e+02,2.735036345196938328e+02,2.766796410232142307e+02
7.000000000000000000e+02,2.703626717770225696e+02,2.736123641321041760e+02,2.767978813284993294e+02
7.100000000000000000e+02,2.704616287442746057e+02,2.737189784661276235e+02,2.769154077266021545e+02
7.200000000000000000e+02,2.705644902340447970e+02,2.738269623460616913e+02,2.770311238393510394e+02
7.300000000000000000e+02,2.706670605050434233e+02,2.739338876607895372e+02,2.771450865021467962e+02
7.400000000000000000e+02,2.707620879353733017e+02,2.740420808411580538e+02,2.772607430573161764e+02
7.500000000000000000e+02,2.708617859526648886e+02,2.741505191627496743e+02,2.773759945970645049e+02
7.600000000000000000e+02,2.709651905681484436e+02,2.742571285451672338e+02,2.774905130650093383e+02
7.700000000000000000e+02,2.710682401775726476e+02,2.743644447685986734e+02,2.776061967169768536e+02
7.800000000000000000e+02,2.711663561577336168e+02,2.744706199845402352e+02,2.777244416028900673e+02
7.900000000000000000e+02,2.712646269856156778e+02,2.745759994400572168e+02,2.778421893755101451e+02
8.000000000000000000e+02,2.713667145268137233e+02,2.746819832760925237e+02,2.779594757002234360e+02
8.100000000000000000e+02,2.714654998062537743e+02,2.747863119239398770e+02,2.780758344576048557e+02
8.200000000000000000e+02,2.715594536240694197e+02,2.748939936080404323e+02,2.781879986654113850e+02
8.300000000000000000e+02,2.716608679997046352e+02,2.750005434391296149e+02,2.782986125063421241e+02
8.400000000000000000e+02,2.717582287131235148e+02,2.751069247003366058e+02,2.784081629007971515e+02
8.500000000000000000e+02,2.718542943777607093e+02,2.752128273498630051e+02,2.785171997744409396e+02
8.600000000000000000e+02,2.719526000511277175e+02,2.753179094368869073e+02,2.786315596014229072e+02
8.700000000000000000e+02,2.720477623271009975e+02,2.754218407897515135e+02,2.787421768844645271e+02
8.800000000000000000e+02,2.721458473508774887e+02,2.755260317083727841e+02,2.788530973011571064e+02
8.900000000000000000e+02,2.722439297090035666e+02,2.756318176581693251e+02,2.789669483286687637e+02
9.000000000000000000e+02,2.723385065488141095e+02,2.757334389034547257e+02,2.790802835912070918e+02
9.100000000000000000e+02,2.724337617981796598e+02,2.758354882511810047e+02,2.791874552624550461e+02
9.200000000000000000e+02,2.725290254220274164e+02,2.759375713009729907e+02,2.792951683429537297e+02
9.300000000000000000e+02,2.726237120134944689e+02,2.760373562457107255e+02,2.794041878275393742e+02
9.400000000000000000e+02,2.727179512520768299e+02,2.761401142471187882e+02,2.795143191617336811e+02
9.500000000000000000e+02,2.728127154038081130e+02,2.762413239360547550e+02,2.796185438803000238e+02
9.600000000000000000e+02,2.729058171627922320e+02,2.763425913685556452e+02,2.797236145370529243e+02
9.700000000000000000e+02,2.729971307893948733e+02,2.764405863914412294e+02,2.798292570739110943e+02
9.800000000000000000e+02,2.730859354500615837e+02,2.765381609809035126e+02,2.799324960816976500e+02
9.900000000000000000e+02,2.731782225051167643e+02,2.766361222631692840e+02,2.800330369344934525e+02
1.000000000000000000e+03,2.732696045503813025e+02,2.767325111627645811e+02,2.801386565306879675e+02
1.010000000000000000e+03,2.733588322485960020e+02,2.768282979918569708e+02,2.802406353606971834e+02
1.020000000000000000e+03,2.734485018525900273e+02,2.769228222180926196e+02,2.803407702312873653e+02
1.030000000000000000e+03,2.735393199120400709e+02,2.770164945878967728e+02,2.804402690382610217e+02
1.040000000000000000e+03,2.736298981124352849e+02,2.771099825366826508e+02,2.805415851177920104e+02
1.050000000000000000e+03,2.737201163421954675e+02,2.772036620978490760e+02,2.806443532197869786e+02
1.060000000000000000e+03,2.738097844004442436e+02,2.772962962896361319e+02,2.807429762709715533e+02
1.070000000000000000e+03,2.738964874870219433e+02,2.773889346576806929e+02,2.808406963385232302e+02
1.080000000000000000e+03,2.739829579962431580e+02,2.774806387031567283e+02,2.809391234085296674e+02
1.090000000000000000e+03,2.740701319702651517e+02,2.775718442573565881e+02,2.810328113355867572e+02
1.100000000000000000e+03,2.741551765111407235e+02,2.776613704334969270e+02,2.811275154476667240e+02
1.110000000000000000e+03,2.742418368501508326e+02,2.777515664015224957e+02,2.812233979441203928e+02
1.120000000000000000e+03,2.743269369660046095e+02,2.778391749191378040e+02,2.813152991918757380e+02
1.130000000000000000e+03,2.744104474372326763e+02,2.779277781858384060e+02,2.814061595920356353e+02
1.140000000000000000e+03,2.744937755572003084e+02,2.780147034173357952e+02,2.814971123178476660e+02
1.150000000000000000e+03,2.745760207001279696e+02,2.781007484630021054e+02,2.815870634564417969e+02
1.160000000000000000e+03,2.746582235460658694e+02,2.781867406660048800e+02,2.816766283826154904e+02
1.170000000000000000e+03,2.747391426920630124e+02,2.782716651513156876e+02,2.817653203110660343e+02
1.180000000000000000e+03,2.748177093247303446e+02,2.783553644096690505e+02,2.818528546804644748e+02
1.190000000000000000e+03,2.748958288260249105e+02,2.784384470769256268e+02,2.819377884782304591e+02
1.200000000000000000e+03,2.749730852417206961e+02,2.785193886828856193e+02,2.820227261583360701e+02
1.210000000000000000e+03,2.750506143356092821e+02,2.785992219898786288e+02,2.821052457215848790e+02
1.220000000000000000e+03,2.751271063046864356e+02,2.786782089146378212e+02,2.821865482760141504e+02
1.230000000000000000e+03,2.752018952682154804e+02,2.787567796036263417e+02,2.822668953203705655e+02
1.240000000000000000e+03,2.752756732077873494e+02,2.788339577577564796e+02,2.823465802169436643e+02
1.250000000000000000e+03,2.753485730260946411e+02,2.789098797142892181e+02,2.824252828331885325e+02
1.260000000000000000e+03,2.754205771935748999e+02,2.789844065318259254e+02,2.825031317415107992e+02
1.270000000000000000e+03,2.754916401395218486e+02,2.790576793787305405e+02,2.825788872532386904e+02
1.280000000000000000e+03,2.755610434037219534e+02,2.791297971402954659e+02,2.826529006187591904e+02
1.290000000000000000e+03,2.756294419954996329e+02,2.792005466230425554e+02,2.827254515626408988e+02
1.300000000000000000e+03,2.756968183510056747e+02,2.792698336200361950e+02,2.827966285900463390e+02
1.310000000000000000e+03,2.757631549769497497e+02,2.793383430165966956e+02,2.828671837545542189e+02
1.320000000000000000e+03,2.758284344691635397e+02,2.794054809427800592e+02,2.829373620980306328e+02
1.330000000000000000e+03,2.758927319088512036e+02,2.794712465569326696e+02,2.830060422842045682e+02
1.340000000000000000e+03,2.759560272138987784e+02,2.795355264881127368e+02,2.830724441109131817e+02
1.350000000000000000e+03,2.760194437675219774e+02,2.795989078466080855e+02,2.831369251566711114e+02
1.360000000000000000e+03,2.760818210206060712e+02,2.796609054102537470e+02,2.832000142582176636e+02
1.370000000000000000e+03,2.761431013293314436e+02,2.797222545317205231e+02,2.832608927297108607e+02
1.380000000000000000e+03,2.762031644255685023e+02,2.797813375427234632e+02,2.833211936488946776e+02
1.390000000000000000e+03,2.762610616138833848e+02,2.798395264579841637e+02,2.833789529017983568e+02
1.400000000000000000e+03,2.763176660431870459e+02,2.798976374145013324e+02,2.834348842036774840e+02
1.410000000000000000e+03,2.763733751627065658e+02,2.799533717784057671e+02,2.834892184174258887e+02
1.420000000000000000e+03,2.764278486894108937e+02,2.800067358873013745e+02,2.835420700853237577e+02
1.430000000000000000e+03,2.764833939524791049e+02,2.800574268051714739e+02,2.835925205951093631e+02
1.440000000000000000e+03,2.765352187313646368e+02,2.801079352618272651e+02,2.836418618159955258e+02
1.450000000000000000e+03,2.765858278250969420e+02,2.801573663972451413e+02,2.836888770992746345e+02
1.460000000000000000e+03,2.766353538293109864e+02,2.802072540922774806e+02,2.837372627601526460e+02
1.470000000000000000e+03,2.766838317078396585e+02,2.802556669873147825e+02,2.837833219256480106e+02
1.480000000000000000e+03,2.767300562951696747e+02,2.803020997744823717e+02,2.838295287858088045e+02
1.490000000000000000e+03,2.767756304672403189e+02,2.803483207829741559e+02,2.838752055048889815e+02
1.500000000000000000e+03,2.768217863630758302e+02,2.803926177816865106e+02,2.839181645173574111e+02
1.510000000000000000e+03,2.768683750927556844e+02,2.804358750001861154e+02,2.839603021959534885e+02
1.520000000000000000e+03,2.769122036780163967e+02,2.804770597880705054e+02,2.840033857519248954e+02
1.530000000000000000e+03,2.769557435272510020e+02,2.805224652139986006e+02,2.840470492662900028e+02
1.540000000000000000e+03,2.769996384869864983e+02,2.805628906003046836e+02,2.840866023976886368e+02
1.550000000000000000e+03,2.770417248664368799e+02,2.806044286592417620e+02,2.841268569365416852e+02
1.560000000000000000e+03,2.770828909429176861e+02,2.806428639261986859e+02,2.841650495986474425e+02
1.570000000000000000e+03,2.771238582769851746e+02,2.806811434009722461e+02,2.842019607062561590e+02
1.580000000000000000e+03,2.771623624536906050e+02,2.807184667551588291e+02,2.842410169339559047e+02
1.590000000000000000e+03,2.772034163916683269e+02,2.807558334225569752e+02,2.842752182306634268e+02
1.600000000000000000e+03,2.772408893689433285e+02,2.807940088316071865e+02,2.843071289099742671e+02
1.610000000000000000e+03,2.772814120339133410e+02,2.808288814344236357e+02,2.843399930094697652e+02
1.620000000000000000e+03,2.773203419236119203e+02,2.808649365774742819e+02,2.843737873813868759e+02
1.630000000000000000e+03,2.773573778556277603e+02,2.809004827471318890e+02,2.844086509193149936e+02
1.640000000000000000e+03,2.773944920415545994e+02,2.809323038724719481e+02,2.844415754137863814e+02
1.650000000000000000e+03,2.774308557498910091e+02,2.809661316838412972e+02,2.844764965323203683e+02
1.660000000000000000e+03,2.774667584648340153e+02,2.809982860065896375e+02,2.845076328868008773e+02
1.670000000000000000e+03,2.775000410708100844e+02,2.810310236408383844e+02,2.845362950423623261e+02
1.680000000000000000e+03,2.775373744349685694e+02,2.810647053930647417e+02,2.845678591264218085e+02
1.690000000000000000e+03,2.775715910996923981e+02,2.810969240660648438e+02,2.845966312687393156e+02
1.700000000000000000e+03,2.776064338113670260e+02,2.811305072733454153e+02,2.846283423122501972e+02
1.710000000000000000e+03,2.776432155333773721e+02,2.811630839350417546e+02,2.846556371126511635e+02
1.720000000000000000e+03,2.776775033553794287e+02,2.811940850382568442e+02,2.846839999308235747e+02
1.730000000000000000e+03,2.777085804263793420e+02,2.812202991058773023e+02,2.847074069621782542e+02
1.740000000000000000e+03,2.777356536974358505e+02,2.812435225393085148e+02,2.847247988731440955e+02
1.750000000000000000e+03,2.777605641499407625e+02,2.812635441108997725e+02,2.847407030174579745e+02
1.760000000000000000e+03,2.777824367025700667e+02,2.812772167649774246e+02,2.847497644309760290e+02
1.770000000000000000e+03,2.778000297748437220e+02,2.812913826692050066e+02,2.847538049914270459e+02
1.780000000000000000e+03,2.778139927730056229e+02,2.813034455152690043e+02,2.847590219748076947e+02
1.790000000000000000e+03,2.778243017033776141e+02,2.813101966155297760e+02,2.847601585225874601e+02
1.800000000000000000e+03,2.778325559763612205e+02,2.813137897404080832e+02,2.847589643225500708e+02
1.810000000000000000e+03,2.778350793569943562e+02,2.813166366075506630e+02,2.847542644287683515e+02
1.820000000000000000e+03,2.778366957722562347e+02,2.813137345118856274e+02,2.847478786314117656e+02
1.830000000000000000e+03,2.778354554461122348e+02,2.813097372388141366e+02,2.847384607737095621e+02
1.840000000000000000e+03,2.778406635547594874e+02,2.813036366026740325e+02,2.847270123000375293e+02
1.850000000000000000e+03,2.778398329776460969e+02,2.812912152201545268e+02,2.847131318059061300e+02
1.860000000000000000e+03,2.778354710831931698e+02,2.812824772381012508e+02,2.846947002530136501e+02
1.870000000000000000e+03,2.778281517990995440e+02,2.812685251880818100e+02,2.846702226414943766e+02
1.880000000000000000e+03,2.778225031656309625e+02,2.812539341605915979e+02,2.846443071807641445e+02
1.890000000000000000e+03,2.778123083403130522e+02,2.812364002967849501e+02,2.846195221301675815e+02
1.900000000000000000e+03,2.778000901712368318e+02,2.812153711868907067e+02,2.845925386151853331e+02
1.910000000000000000e+03,2.777856901613612877e+02,2.811883380192304571e+02,2.845576576379408493e+02
1.920000000000000000e+03,2.777695721497690329e+02,2.811645778921972578e+02,2.845235252689387835e+02
1.930000000000000000e+03,2.777513141253863296e+02,2.811314709849530686e+02,2.844872974402142631e+02
1.940000000000000000e+03,2.777273292056488572e+02,2.811020956009450629e+02,2.844454187734065158e+02
1.950000000000000000e+03,2.777067852806274573e+02,2.810680526872356495e+02,2.844057501994616928e+02
1.960000000000000000e+03,2.776804459876112219e+02,2.810319366225307931e+02,2.843583834123826364e+02
1.970000000000000000e+03,2.776487247154161082e+02,2.809924001708372998e+02,2.843089732430128151e+02
1.980000000000000000e+03,2.776129066736805839e+02,2.809546583589923330e+02,2.842565398298951322e+02
1.990000000000000000e+03,2.775758087731094292e+02,2.809152140765644390e+02,2.842141042795745989e+02
2.000000000000000000e+03,2.775386509416599665e+02,2.808724549072740615e+02,2.841644291814860708e+02
2.010000000000000000e+03,2.775007563346796360e+02,2.808327148414429075e+02,2.841115165633752326e+02
2.020000000000000000e+03,2.774613401650541391e+02,2.807881256045816372e+02,2.840595037959706701e+02
2.030000000000000000e+03,2.774137170498009937e+02,2.807425567181814472e+02,2.840048777309801267e+02
2.040000000000000000e+03,2.773753305137757934e+02,2.806932838538307919e+02,2.839469644910721513e+02
2.050000000000000000e+03,2.773333155676006641e+02,2.806447393443196461e+02,2.838908869412369995e+02
2.060000000000000000e+03,2.772926333728682948e+02,2.805923392418322919e+02,2.838259141863125592e+02
2.070000000000000000e+03,2.772504617071028861e+02,2.805387842742828752e+02,2.837644951281599219e+02
2.080000000000000000e+03,2.772050554771453221e+02,2.804797188720268650e+02,2.836970566254439632e+02
2.090000000000000000e+03,2.771555698796803995e+02,2.804239182404230064e+02,2.836275201461060647e+02
2.100000000000000000e+03,2.770999762595246807e+02,2.803700854027233618e+02,2.835637707562701735e+02
2.110000000000000000e+03,2.770459192664995385e+02,2.803120472882666263e+02,2.834998701303400139e+02
2.120000000000000000e+03,2.769935482586809030e+02,2.802537479646771317e+02,2.834280183652302298e+02
2.130000000000000000e+03,2.769400060395706191e+02,2.801887784058251327e+02,2.833607839496863789e+02
2.140000000000000000e+03,2.768785892199575756e+02,2.801243337108288642e+02,2.832869033339106863e+02
2.150000000000000000e+03,2.768194474987259923e+02,2.800618169708999403e+02,2.832078225847723729e+02
2.160000000000000000e+03,2.767633966015783358e+02,2.799984560693839057e+02,2.831354245477272116e+02
2.170000000000000000e+03,2.767112057748096845e+02,2.799280465014764445e+02,2.830607016005631635e+02
2.180000000000000000e+03,2.766467210238586176e+02,2.798587105575718965e+02,2.829917870829326034e+02
2.190000000000000000e+03,2.765801371413020888e+02,2.797878906247368604e+02,2.829103093440392627e+02
2.200000000000000000e+03,2.765168092920941376e+02,2.797203892610463072e+02,2.828368926238544532e+02
2.210000000000000000e+03,2.764475785795538627e+02,2.796461967103264215e+02,2.827572712656627800e+02
2.220000000000000000e+03,2.763816893012343598e+02,2.795724457651790544e+02,2.826777413294814778e+02
2.230000000000000000e+03,2.763187863545618370e+02,2.794978879439099728e+02,2.825939501788047892e+02
2.240000000000000000e+03,2.762520998034921149e+02,2.794215690792353826e+02,2.825119586240082867e+02
2.250000000000000000e+03,2.761789843708505146e+02,2.793444574563720835e+02,2.824289308508973591e+02
2.260000000000000000e+03,2.761016803218760742e+02,2.792658829808780752e+02,2.823417878406497721e+02
2.270000000000000000e+03,2.760262542197613698e+02,2.791841541818849350e+02,2.822541243893327874e+02
2.280000000000000000e+03,2.759525176473002261e+02,2.791026451746076873e+02,2.821666418959143243e+02
2.290000000000000000e+03,2.758805823222402864e+02,2.790203690165518537e+02,2.820775910197912140e+02
2.300000000000000000e+03,2.758063627094971366e+02,2.789363959489739955e+02,2.819849320734994649e+02
2.310000000000000000e+03,2.757295388739121336e+02,2.788548556286506823e+02,2.818951261430367481e+02
2.320000000000000000e+03,2.756536154634968625e+02,2.787707932433255564e+02,2.818094562890884731e+02
2.330000000000000000e+03,2.755742789697106900e+02,2.786814874586907536e+02,2.817247692122776925e+02
2.340000000000000000e+03,2.754999138067146873e+02,2.785983570415937720e+02,2.816310280001420097e+02
2.350000000000000000e+03,2.754251539350397593e+02,2.785131332012693974e+02,2.815359939145661201e+02
2.360000000000000000e+03,2.753482683148570800e+02,2.784247895490412930e+02,2.814446841418119334e+02
2.370000000000000000e+03,2.752660181019504080e+02,2.783381188561688191e+02,2.813442440857472207e+02
2.380000000000000000e+03,2.751855264186552859e+02,2.782492699909910243e+02,2.812548719996497084e+02
2.390000000000000000e+03,2.751053921007338658e+02,2.781613515389882423e+02,2.811586091619193439e+02
2.400000000000000000e+03,2.750286460845026681e+02,2.780750315731994533e+02,2.810668520215002673e+02
2.410000000000000000e+03,2.749464056754344483e+02,2.779860705831944756e+02,2.809707293147982909e+02
2.420000000000000000e+03,2.748577653516502437e+02,2.778913750137000989e+02,2.808786068676041054e+02
2.430000000000000000e+03,2.747716815100494046e+02,2.778003717515613289e+02,2.807782468302291363e+02
2.440000000000000000e+03,2.746860092345846169e+02,2.777090480879855932e+02,2.806789798671970857e+02
2.450000000000000000e+03,2.745940723110994668e+02,2.776194290868809844e+02,2.805759719421232603e+02
2.460000000000000000e+03,2.745095102276490593e+02,2.775266099274833778e+02,2.804773311239508757e+02
2.470000000000000000e+03,2.744262487936637172e+02,2.774302075395629572e+02,2.803774764840958937e+02
2.480000000000000000e+03,2.743387242518438711e+02,2.773311022246600146e+02,2.802769392141318576e+02
2.490000000000000000e+03,2.742428782725951919e+02,2.772344775572846629e+02,2.801803678633579011e+02
2.500000000000000000e+03,2.741530158039557250e+02,2.771388670092977691e+02,2.800789880505165570e+02
2.510000000000000000e+03,2.740614093607871382e+02,2.770408350873838117e+02,2.799815484493951772e+02
2.520000000000000000e+03,2.739667536014361531e+02,2.769456673170471959e+02,2.798821164478142691e+02
2.530000000000000000e+03,2.738770548235389128e+02,2.768496084825394519e+02,2.797779781100076661e+02
2.540000000000000000e+03,2.737857807669326462e+02,2.767517328612444771e+02,2.796792562022577044e+02
2.550000000000000000e+03,2.736985810398069816e+02,2.766530690705891402e+02,2.795824920219731666e+02
2.560000000000000000e+03,2.736003186217724874e+02,2.765579318764785057e+02,2.794808816638957296e+02
2.570000000000000000e+03,2.735093942654320927e+02,2.764601477784456165e+02,2.793777661447224432e+02
2.580000000000000000e+03,2.734113419817178965e+02,2.763625193379197071e+02,2.792767816470312709e+02
2.590000000000000000e+03,2.733186774098215324e+02,2.762628262774658197e+02,2.791714278198696206e+02
2.600000000000000000e+03,2.732214496785957749e+02,2.761622453187474662e+02,2.790667642868524467e+02
2.610000000000000000e+03,2.731273631994383777e+02,2.760622763095657319e+02,2.789602465498520019e+02
2.620000000000000000e+03,2.730267300746036199e+02,2.759648943479718355e+02,2.788551653359944567e+02
2.630000000000000000e+03,2.729301911664239242e+02,2.758623015124755966e+02,2.787489472834316757e+02
2.640000000000000000e+03,2.728281819709943647e+02,2.757601492579995011e+02,2.786429216642509914e+02
2.650000000000000000e+03,2.727313781479417685e+02,2.756597411476072921e+02,2.785370626289909524e+02
2.660000000000000000e+03,2.726293667301981714e+02,2.755541153790378530e+02,2.784300491242915996e+02
2.670000000000000000e+03,2.725288642298887112e+02,2.754524516034360886e+02,2.783126905068368728e+02
2.680000000000000000e+03,2.724247248607769052e+02,2.753463186225744153e+02,2.782048056376462455e+02
2.690000000000000000e+03,2.723202543123245505e+02,2.752406162808684940e+02,2.780966755944820648e+02
2.700000000000000000e+03,2.722203018564535455e+02,2.751397141449460833e+02,2.779790149925485139e+02
2.710000000000000000e+03,2.721190630976701641e+02,2.750358437941579268e+02,2.778705023934327869e+02
2.720000000000000000e+03,2.720197544691142184e+02,2.749303156990524712e+02,2.777641847487728342e+02
2.730000000000000000e+03,2.719134265456706885e+02,2.748246693960622906e+02,2.776519920108683550e+02
2.740000000000000000e+03,2.718115503946148692e+02,2.747202765130192574e+02,2.775462542674050610e+02
2.750000000000000000e+03,2.717047356361369452e+02,2.746149569819742737e+02,2.774382722869977442e+02
2.760000000000000000e+03,2.716007804617830743e+02,2.745074430476452108e+02,2.773325286203275937e+02
2.770000000000000000e+03,2.714938863956643900e+02,2.744036672571384088e+02,2.772221351679164059e+02
2.780000000000000000e+03,2.713861426279372040e+02,2.742990562932335479e+02,2.771096156649568911e+02
2.790000000000000000e+03,2.712812600658003248e+02,2.741926044833606966e+02,2.770027858229444746e+02
2.800000000000000000e+03,2.711756348036858526e+02,2.740847524404181286e+02,2.768954687935455468e+02
2.810000000000000000e+03,2.710793505559219625e+02,2.739777379119119587e+02,2.767854683486706335e+02
2.820000000000000000e+03,2.709741668627415834e+02,2.738720496622058818e+02,2.766768045533817144e+02
2.830000000000000000e+03,2.708677237760129515e+02,2.737669432743483640e+02,2.765613856884682491e+02
2.840000000000000000e+03,2.707707707246737527e+02,2.736599741380712203e+02,2.764427162844169175e+02
2.850000000000000000e+03,2.706672417780599176e+02,2.735490153632099464e+02,2.763364538714591276e+02
2.860000000000000000e+03,2.705662069096088089e+02,2.734453639610825348e+02,2.762356486390681312e+02
2.870000000000000000e+03,2.704544063895300496e+02,2.733375169121192130e+02,2.761230177925583575e+02
2.880000000000000000e+03,2.703505881173343255e+02,2.732285391791568827e+02,2.760099601432716554e+02
2.890000000000000000e+03,2.702377978685238986e+02,2.731169083360259151e+02,2.758990547634419386e+02
2.900000000000000000e+03,2.701335938757442250e+02,2.730040683624295070e+02,2.757871739413517957e+02
2.910000000000000000e+03,2.700228284134586829e+02,2.728973938408269646e+02,2.756829783222709125e+02
2.920000000000000000e+03,2.699167202629874964e+02,2.727864451567737660e+02,2.755711834052745530e+02
2.930000000000000000e+03,2.698137400368436829e+02,2.726777967528746558e+02,2.754553750468348312e+02
2.940000000000000000e+03,2.697105247215129111e+02,2.725669057016382339e+02,2.753472979856042002e+02
2.950000000000000000e+03,2.696046662180724525e+02,2.724599857787745236e+02,2.752376180166314157e+02
2.960000000000000000e+03,2.694887123464976071e+02,2.723466667198005098e+02,2.751318755889366798e+02
2.970000000000000000e+03,2.693820025924225092e+02,2.722382156737464811e+02,2.750189265917081229e+02
2.980000000000000000e+03,2.692692303199804087e+02,2.721322468738246698e+02,2.749117554036625961e+02
2.990000000000000000e+03,2.691632746939126264e+02,2.720239943308275201e+02,2.748028496055389951e+02
3.000000000000000000e+03,2.690549559488247837e+02,2.719162046480478807e+02,2.746935144917318325e+02
3.010000000000000000e+03,2.689475008939143663e+02,2.718025044142196975e+02,2.745839985009475299e+02
3.020000000000000000e+03,2.688421787492628141e+02,2.716909873957700370e+02,2.744777836196427074e+02
3.030000000000000000e+03,2.687298948773923826e+02,2.715822732763183467e+02,2.743610751969049488e+02
3.040000000000000000e+03,2.686157902004275115e+02,2.714752804018996812e+02,2.742478448547203129e+02
3.050000000000000000e+03,2.685009222698970461e+02,2.713646730248855192e+02,2.741360206472464256e+02
3.060000000000000000e+03,2.683917817574255196e+02,2.712517454717977898e+02,2.740250081115101466e+02
3.070000000000000000e+03,2.682858535413254799e+02,2.711394580213298582e+02,2.739134535185991126e+02
3.080000000000000000e+03,2.681745358353319943e+02,2.710295126057405923e+02,2.738037302628566181e+02
3.090000000000000000e+03,2.680609544762723431e+02,2.709176020284038486e+02,2.736951716139079167e+02
3.100000000000000000e+03,2.679498242384708533e+02,2.708070051876793514e+02,2.735908527322370674e+02
3.110000000000000000e+03,2.678394416792457378e+02,2.706981683835771264e+02,2.734818291249537765e+02
3.120000000000000000e+03,2.677328629208061557e+02,2.705873616452934698e+02,2.733640791307997233e+02
3.130000000000000000e+03,2.676262212560792477e+02,2.704753788205147202e+02,2.732540393383179662e+02
3.140000000000000000e+03,2.675159129094363379e+02,2.703663414950622155e+02,2.731417681369196657e+02
3.150000000000000000e+03,2.674045562300219672e+02,2.702555637584931674e+02,2.730320229100826168e+02
3.160000000000000000e+03,2.672918402010656678e+02,2.701442798650845134e+02,2.729230525175877347e+02
3.170000000000000000e+03,2.671830805706274532e+02,2.700339419570506152e+02,2.728174308771819483e+02
3.180000000000000000e+03,2.670731311480587920e+02,2.699243459510726098e+02,2.727090538494161365e+02
3.190000000000000000e+03,2.669647570708189050e+02,2.698140136551536443e+02,2.726014865619047782e+02
3.200000000000000000e+03,2.668539420495253580e+02,2.697050552682866851e+02,2.724915166495822518e+02
3.210000000000000000e+03,2.667364024138987020e+02,2.695956057282443794e+02,2.723841773982042014e+02
3.220000000000000000e+03,2.666241207183120991e+02,2.694833138371833456e+02,2.722781326735934044e+02
3.230000000000000000e+03,2.665117138761705746e+02,2.693704716270995618e+02,2.721714230208887102e+02
3.240000000000000000e+03,2.663985471409580441e+02,2.692592605369480907e+02,2.720647048915990922e+02
3.250000000000000000e+03,2.662874119227620895e+02,2.691508204250442304e+02,2.719558063321510417e+02
3.260000000000000000e+03,2.661768226009847922e+02,2.690387271051587277e+02,2.718474072674138711e+02
3.270000000000000000e+03,2.660659068582645546e+02,2.689278015600266372e+02,2.717401111475411426e+02
3.280000000000000000e+03,2.659528811677923841e+02,2.688179731125139824e+02,2.716365490635764104e+02
3.290000000000000000e+03,2.658397765417724941e+02,2.687074735560682939e+02,2.715276204505699980e+02
3.300000000000000000e+03,2.657284421840721507e+02,2.685990747393424272e+02,2.714234174681138256e+02
3.310000000000000000e+03,2.656181758973974070e+02,2.684915841009986366e+02,2.713170992422499808e+02
3.320000000000000000e+03,2.655065068205649368e+02,2.683824885316753921e+02,2.712097695204593606e+02
3.330000000000000000e+03,2.653946635831161416e+02,2.682715259993721020e+02,2.711029633627550766e+02
3.340000000000000000e+03,2.652835480834219766e+02,2.681635005085205989e+02,2.709921680524455496e+02
3.350000000000000000e+03,2.651708999931253743e+02,2.680537271003322530e+02,2.708856838784598722e+02
3.360000000000000000e+03,2.650581264047447121e+02,2.679465670814689702e+02,2.707784640330881984e+02
3.370000000000000000e+03,2.649463442784936547e+02,2.678368338300644496e+02,2.706698903103013549e+02
3.380000000000000000e+03,2.648325031761502260e+02,2.677246023755119495e+02,2.705640823832454771e+02
3.390000000000000000e+03,2.647195716750774750e+02,2.676134756778734527e+02,2.704580103577098384e+02
3.400000000000000000e+03,2.646039063162533580e+02,2.675032594772035281e+02,2.703484621446972938e+02
3.410000000000000000e+03,2.644928437952967784e+02,2.673943762821336918e+02,2.702477871032757548e+02
3.420000000000000000e+03,2.643843567599399194e+02,2.672845149818990080e+02,2.701455749331352649e+02
3.430000000000000000e+03,2.642742753924205203e+02,2.671728060224388628e+02,2.700382561693897969e+02
3.440000000000000000e+03,2.641649528581719437e+02,2.670598427140971580e+02,2.699336772476780197e+02
3.450000000000000000e+03,2.640522590511523049e+02,2.669505662777609132e+02,2.698284867777766749e+02
3.460000000000000000e+03,2.639440883394946127e+02,2.668420092544196223e+02,2.697230313905619710e+02
3.470000000000000000e+03,2.638333015566774975e+02,2.667351572167262930e+02,2.696205723959434408e+02
3.480000000000000000e+03,2.637205431592313971e+02,2.666258525686811254e+02,2.695167001226400885e+02
3.490000000000000000e+03,2.636082173300591762e+02,2.665142613886501977e+02,2.694095421771203860e+02
3.500000000000000000e+03,2.634955901786282197e+02,2.664051712788152031e+02,2.693063665306643770e+02
3.510000000000000000e+03,2.633856295675983006e+02,2.662961293666656388e+02,2.691939770766827564e+02
3.520000000000000000e+03,2.632742246897798282e+02,2.661875749975399685e+02,2.690846821128915849e+02
3.530000000000000000e+03,2.631631970590412379e+02,2.660791750886654086e+02,2.689763890552561634e+02
3.540000000000000000e+03,2.630500283452756776e+02,2.659714430154540423e+02,2.688684796606625582e+02
3.550000000000000000e+03,2.629447008558307175e+02,2.658622695630466524e+02,2.687610264194815386e+02
3.560000000000000000e+03,2.628332632935534434e+02,2.657507074817577859e+02,2.686526189738223138e+02
3.570000000000000000e+03,2.627234713865370281e+02,2.656428341165292295e+02,2.685452981501393879e+02
3.580000000000000000e+03,2.626115929984529203e+02,2.655364622781952448e+02,2.684383020334062735e+02
3.590000000000000000e+03,2.624993445342640257e+02,2.654300596170107838e+02,2.683356713797851967e+02
3.600000000000000000e+03,2.623884939960689735e+02,2.653224055765294906e+02,2.682327224906210290e+02
3.610000000000000000e+03,2.622788744762883653e+02,2.652132173451165045e+02,2.681309106642285087e+02
3.620000000000000000e+03,2.621706103191533543e+02,2.651038898036089790e+02,2.680302088787087769e+02
3.630000000000000000e+03,2.620614423277601759e+02,2.649974822290095062e+02,2.679248682549604723e+02
3.640000000000000000e+03,2.619516781204974336e+02,2.648915483356994969e+02,2.678193142775957654e+02
3.650000000000000000e+03,2.618392813466001598e+02,2.647843176387494282e+02,2.677154622978592897e+02
3.660000000000000000e+03,2.617356854456496649e+02,2.646795483648749041e+02,2.676098686557092492e+02
3.670000000000000000e+03,2.616263601062424300e+02,2.645722016478263185e+02,2.675085069403461944e+02
3.680000000000000000e+03,2.615144086230467337e+02,2.644630239550428428e+02,2.674051825624585490e+02
3.690000000000000000e+03,2.614054686214350340e+02,2.643577779391710010e+02,2.673006916821775008e+02
3.700000000000000000e+03,2.612966541433390262e+02,2.642540274014151009e+02,2.671961269153956664e+02
3.710000000000000000e+03,2.611894477265381056e+02,2.641447107994604266e+02,2.670918612745352902e+02
3.720000000000000000e+03,2.610811471358094309e+02,2.640376840951580562e+02,2.669894683557321855e+02
3.730000000000000000e+03,2.609728234463983654e+02,2.639321023273831770e+02,2.668879411086224991e+02
3.740000000000000000e+03,2.608632756901101288e+02,2.638235526016711674e+02,2.667864038858216986e+02
3.750000000000000000e+03,2.607538826447141673e+02,2.637188670294052599e+02,2.666848724030191988e+02
3.760000000000000000e+03,2.606447618429318709e+02,2.636135319479799364e+02,2.665825771355056304e+02
3.770000000000000000e+03,2.605362597500908350e+02,2.635079332808080039e+02,2.664762267435996250e+02
3.780000000000000000e+03,2.604264820366354343e+02,2.634021994594060061e+02,2.663773390167255002e+02
3.790000000000000000e+03,2.603173941047677431e+02,2.632955520950876576e+02,2.662745086964046664e+02
3.800000000000000000e+03,2.602099800786014043e+02,2.631889302450819059e+02,2.661700821358082294e+02
3.810000000000000000e+03,2.601038913049907251e+02,2.630828729341222925e+02,2.660667153761018540e+02
3.820000000000000000e+03,2.599973545062052835e+02,2.629794439441094482e+02,2.659652277928386752e+02
3.830000000000000000e+03,2.598907646487645593e+02,2.628750450106767858e+02,2.658628814708320647e+02
3.840000000000000000e+03,2.597862585820734012e+02,2.627685899071751692e+02,2.657598533736477862e+02
3.850000000000000000e+03,2.596775099227774035e+02,2.626638844898753291e+02,2.656566906642036088e+02
3.860000000000000000e+03,2.595703258744706545e+02,2.625618555271189507e+02,2.655542508971325333e+02
3.870000000000000000e+03,2.594635037682034522e+02,2.624564307659766200e+02,2.654544683997834227e+02
3.880000000000000000e+03,2.593603259512464660e+02,2.623553686221705448e+02,2.653550196314434402e+02
3.890000000000000000e+03,2.592589517369063401e+02,2.622577278737887809e+02,2.652597573385474448e+02
3.900000000000000000e+03,2.591614548504882123e+02,2.621616910532633824e+02,2.651673314886526214e+02
3.910000000000000000e+03,2.590647435349086436e+02,2.620667405149181377e+02,2.650750689285716817e+02
3.920000000000000000e+03,2.589692214687793239e+02,2.619740478592805175e+02,2.649845644013921060e+02
3.930000000000000000e+03,2.588729789457865991e+02,2.618834403872635903e+02,2.648971801315027506e+02
3.940000000000000000e+03,2.587842575770337135e+02,2.617946228762496048e+02,2.648107006856773751e+02
3.950000000000000000e+03,2.586957556866699974e+02,2.617081513674814914e+02,2.647251294183121786e+02
3.960000000000000000e+03,2.586104503416859188e+02,2.616215936829428870e+02,2.646396268567816037e+02
3.970000000000000000e+03,2.585248101214432950e+02,2.615367600673239394e+02,2.645564251755776581e+02
3.980000000000000000e+03,2.584413262411663936e+02,2.614552524275967471e+02,2.644749489290432507e+02
3.990000000000000000e+03,2.583600131723719642e+02,2.613753952809273642e+02,2.643957094258039433e+02
4.000000000000000000e+03,2.582803135947357873e+02,2.612981970804547700e+02,2.643168763152260681e+02
4.010000000000000000e+03,2.582036963124186855e+02,2.612218891136608363e+02,2.642407653895647854e+02
4.020000000000000000e+03,2.581286244129414627e+02,2.611472638832618713e+02,2.641663184566287441e+02
4.030000000000000000e+03,2.580556032577646306e+02,2.610729766508969760e+02,2.640934548830202857e+02
4.040000000000000000e+03,2.579845676393657072e+02,2.610014183337141276e+02,2.640220068583287230e+02
4.050000000000000000e+03,2.579155142412571422e+02,2.609316399794666381e+02,2.639527558402871250e+02
4.060000000000000000e+03,2.578484119453632388e+02,2.608632751918311214e+02,2.638849302067256986e+02
4.070000000000000000e+03,2.577831998649820662e+02,2.607956622898899468e+02,2.638176622412956931e+02
4.080000000000000000e+03,2.577186049793870097e+02,2.607303340720764027e+02,2.637526392361955345e+02
4.090000000000000000e+03,2.576565049449431513e+02,2.606674166368962346e+02,2.636887514475496914e+02
4.100000000000000000e+03,2.575962659057380506e+02,2.606059585198689206e+02,2.636255167547957399e+02
4.110000000000000000e+03,2.575377395179873474e+02,2.605460731026129793e+02,2.635646696577805415e+02
4.120000000000000000e+03,2.574809118204513538e+02,2.604883340253759343e+02,2.635043604560576682e+02
4.130000000000000000e+03,2.574257507542358780e+02,2.604313885321359976e+02,2.634452037796540367e+02
4.140000000000000000e+03,2.573721970577373668e+02,2.603755615592340291e+02,2.633871790170560985e+02
4.150000000000000000e+03,2.573193840924970459e+02,2.603209576892775772e+02,2.633308165365442619e+02
4.160000000000000000e+03,2.572674950675542505e+02,2.602681508181647700e+02,2.632771299483429175e+02
4.170000000000000000e+03,2.572170509024419403e+02,2.602177772638801798e+02,2.632247877190669669e+02
4.180000000000000000e+03,2.571692810047990179e+02,2.601671939326317897e+02,2.631739288666058769e+02
4.190000000000000000e+03,2.571227339798653588e+02,2.601186749142710823e+02,2.631229943091569226e+02
4.200000000000000000e+03,2.570780818370637348e+02,2.600719406763223560e+02,2.630723286912018466e+02
4.210000000000000000e+03,2.570349065504258306e+02,2.600254140695070646e+02,2.630231085538166553e+02
4.220000000000000000e+03,2.569932250444638839e+02,2.599799984153225978e+02,2.629764977830948283e+02
4.230000000000000000e+03,2.569530507579281675e+02,2.599372967435378428e+02,2.629312212897882546e+02
4.240000000000000000e+03,2.569143953272941303e+02,2.598972291084517110e+02,2.628872657456981301e+02
4.250000000000000000e+03,2.568766221015827114e+02,2.598575446033017329e+02,2.628446777100990062e+02
4.260000000000000000e+03,2.568410859992243900e+02,2.598166590904274358e+02,2.628034655167426195e+02
4.270000000000000000e+03,2.568069188829619520e+02,2.597792815539307867e+02,2.627621543868264098e+02
4.280000000000000000e+03,2.567743161123652840e+02,2.597438846548704987e+02,2.627233472228660958e+02
4.290000000000000000e+03,2.567418388512822958e+02,2.597091589649486991e+02,2.626857762638758800e+02
4.300000000000000000e+03,2.567110488238488415e+02,2.596755263224442274e+02,2.626480650829558385e+02
4.310000000000000000e+03,2.566823117632069966e+02,2.596439088191571045e+02,2.626108361604659081e+02
4.320000000000000000e+03,2.566551518760205113e+02,2.596138729259888578e+02,2.625777121950663968e+02
4.330000000000000000e+03,2.566282269408151251e+02,2.595852664781382941e+02,2.625438691317489202e+02
4.340000000000000000e+03,2.566031769305915873e+02,2.595568011061868106e+02,2.625114433001348289e+02
4.350000000000000000e+03,2.565803974183506284e+02,2.595308977160167387e+02,2.624813355459322679e+02
4.360000000000000000e+03,2.565591601211189072e+02,2.595079067651630567e+02,2.624516785469146498e+02
4.370000000000000000e+03,2.565395808757560872e+02,2.594833398682616235e+02,2.624253557493020139e+02
4.380000000000000000e+03,2.565205096770883983e+02,2.594607619692748131e+02,2.623994774660050098e+02
4.390000000000000000e+03,2.565045570276650437e+02,2.594412442365867264e+02,2.623748243072718651e+02
4.400000000000000000e+03,2.564873658484082739e+02,2.594221888083196745e+02,2.623524166522362293e+02
4.410000000000000000e+03,2.564733174981639081e+02,2.594057869072834706e+02,2.623314719527705847e+02
4.420000000000000000e+03,2.564597114457223483e+02,2.593909042055691998e+02,2.623132686951452683e+02
4.430000000000000000e+03,2.564496784735243295e+02,2.593745908903356963e+02,2.622957790456591738e+02
4.440000000000000000e+03,2.564422601583891037e+02,2.593628570793903236e+02,2.622791533150275995e+02
4.450000000000000000e+03,2.564355855445895713e+02,2.593535007335359523e+02,2.622606766198586001e+02
4.460000000000000000e+03,2.564316969308250691e+02,2.593435878059788138e+02,2.622474985150167868e+02
4.470000000000000000e+03,2.564268883261074166e+02,2.593345516062395291e+02,2.622315631507595413e+02
4.480000000000000000e+03,2.564238941668778011e+02,2.593286100565920833e+02,2.622241241812016597e+02
4.490000000000000000e+03,2.564236016514540779e+02,2.593235266396437737e+02,2.622138324403328511e+02
4.500000000000000000e+03,2.564272475919668182e+02,2.593205360133408703e+02,2.622075478428085376e+02
4.510000000000000000e+03,2.564318993436979781e+02,2.593176839511750131e+02,2.622010938088017156e+02
4.520000000000000000e+03,2.564371099686588309e+02,2.593149558843238083e+02,2.621971585087266021e+02
4.530000000000000000e+03,2.564441603288777287e+02,2.593164024044291978e+02,2.621903822553950363e+02
4.540000000000000000e+03,2.564507498330422663e+02,2.593193416301201069e+02,2.621867584161721538e+02
4.550000000000000000e+03,2.564616436889547799e+02,2.593211069361628915e+02,2.621868219226858514e+02
4.560000000000000000e+03,2.564733310415601295e+02,2.593251156061572829e+02,2.621906218728719296e+02
4.570000000000000000e+03,2.564831220668440892e+02,2.593314452817852498e+02,2.621959116676495682e+02
4.580000000000000000e+03,2.564972248487421211e+02,2.593433027930503272e+02,2.621973025651107605e+02
4.590000000000000000e+03,2.565147222637681921e+02,2.593509442350616609e+02,2.622030072031447503e+02
4.600000000000000000e+03,2.565289590878918489e+02,2.593641140335178079e+02,2.622105361525628382e+02
4.610000000000000000e+03,2.565464913234716846e+02,2.593758440430340784e+02,2.622201839384209165e+02
4.620000000000000000e+03,2.565610580203916129e+02,2.593935451398734813e+02,2.622286911807216825e+02
4.630000000000000000e+03,2.565788922030816366e+02,2.594092185722922750e+02,2.622405124271692785e+02
4.640000000000000000e+03,2.565960145131349464e+02,2.594285145063785762e+02,2.622534267585807015e+02
4.650000000000000000e+03,2.566231234494887872e+02,2.594475804398651917e+02,2.622674179359938762e+02
4.660000000000000000e+03,2.566487222611768289e+02,2.594669263409817859e+02,2.622850196775227687e+02
4.670000000000000000e+03,2.566770525350465277e+02,2.594896740553233485e+02,2.623022445603153301e+02
4.680000000000000000e+03,2.567055741948122431e+02,2.595094300144729118e+02,2.623225876973577328e+02
4.690000000000000000e+03,2.567354256781691220e+02,2.595352411901789083e+02,2.623425517393886821e+02
4.700000000000000000e+03,2.567664262024713935e+02,2.595632503327088898e+02,2.623645707245586323e+02
4.710000000000000000e+03,2.567987340181455238e+02,2.595934041463228823e+02,2.623839492321069997e+02
4.720000000000000000e+03,2.568301949022250028e+02,2.596246980177746764e+02,2.624093813921877540e+02
4.730000000000000000e+03,2.568632956651768495e+02,2.596547018853044619e+02,2.624375230950333275e+02
4.740000000000000000e+03,2.568992525426082807e+02,2.596849283486849913e+02,2.624590659366290311e+02
4.750000000000000000e+03,2.569331018505717452e+02,2.597178470877767609e+02,2.624850075102676783e+02
4.760000000000000000e+03,2.569713697610189911e+02,2.597550213666160630e+02,2.625090214955650367e+02
4.770000000000000000e+03,2.570184482809647193e+02,2.597914475867137298e+02,2.625390740948142252e+02
4.780000000000000000e+03,2.570604627832457254e+02,2.598303310363572791e+02,2.625722769667920033e+02
4.790000000000000000e+03,2.571033231565700703e+02,2.598664553896536518e+02,2.626037828877089737e+02
4.800000000000000000e+03,2.571487437840248163e+02,2.599061598499539514e+02,2.626394912917918418e+02
4.810000000000000000e+03,2.571964545752216509e+02,2.599443802271330810e+02,2.626807902855038037e+02
4.820000000000000000e+03,2.572414537398591392e+02,2.599873209148601632e+02,2.627152157797788732e+02
4.830000000000000000e+03,2.572937256857547936e+02,2.600329494841229803e+02,2.627477411787559163e+02
4.840000000000000000e+03,2.573408728896426396e+02,2.600782634736538057e+02,2.627862864918873811e+02
4.850000000000000000e+03,2.573889515220652129e+02,2.601276579252080410e+02,2.628268749707542042e+02
4.860000000000000000e+03,2.574411634836398548e+02,2.601759029561222860e+02,2.628672463223533100e+02
4.870000000000000000e+03,2.574935776034422474e+02,2.602268703669037677e+02,2.629128320638225773e+02
4.880000000000000000e+03,2.575498203623788527e+02,2.602790197846920819e+02,2.629594331841017834e+02
4.890000000000000000e+03,2.576066607652190328e+02,2.603295591696917768e+02,2.630106300362462548e+02
4.900000000000000000e+03,2.576661926694891918e+02,2.603839903499542743e+02,2.630550318543030244e+02
4.910000000000000000e+03,2.577223422827019021e+02,2.604417671895650983e+02,2.631036936675807283e+02
4.920000000000000000e+03,2.577853951020198338e+02,2.604987998261748317e+02,2.631613959771192413e+02
4.930000000000000000e+03,2.578512753107365825e+02,2.605575011237716581e+02,2.632181182322810855e+02
4.940000000000000000e+03,2.579101516772180389e+02,2.606160408085848985e+02,2.632737648217181459e+02
4.950000000000000000e+03,2.579720279610792772e+02,2.606761547837260764e+02,2.633339978387130600e+02
4.960000000000000000e+03,2.580365072996616504e+02,2.607371329899663124e+02,2.633874734920506739e+02
4.970000000000000000e+03,2.581037605155974006e+02,2.607996682150544530e+02,2.634446235484570593e+02
4.980000000000000000e+03,2.581756522331208430e+02,2.608603559708516286e+02,2.635111020806456281e+02
4.990000000000000000e+03,2.582439069070646838e+02,2.609223102539300498e+02,2.635727076990369255e+02
5.000000000000000000e+03,2.583156294225365173e+02,2.609916223485289493e+02,2.636334913873528762e+02
5.010000000000000000e+03,2.583825140489075238e+02,2.610620597487875330e+02,2.637030614587948207e+02
5.020000000000000000e+03,2.584528723131431889e+02,2.611323845941274158e+02,2.637679641349631083e+02
5.030000000000000000e+03,2.585255191075407311e+02,2.612005745378525603e+02,2.638322519011596796e+02
5.040000000000000000e+03,2.585927036211641621e+02,2.612708074591110972e+02,2.639010733854374848e+02
5.050000000000000000e+03,2.586634384440793042e+02,2.613424226361621550e+02,2.639695202376263410e+02
5.060000000000000000e+03,2.587404552476314734e+02,2.614159775089524373e+02,2.640395352915373905e+02
5.070000000000000000e+03,2.588181290005782103e+02,2.614886376309020761e+02,2.641081996418624271e+02
5.080000000000000000e+03,2.588978594957777659e+02,2.615620890162510364e+02,2.641811884886306530e+02
5.090000000000000000e+03,2.589758448656916698e+02,2.616407675778508519e+02,2.642561027838635255e+02
5.100000000000000000e+03,2.590511938216742465e+02,2.617191776624833324e+02,2.643334756155103946e+02
5.110000000000000000e+03,2.591324037478074160e+02,2.617939517357997374e+02,2.644085060234243656e+02
5.120000000000000000e+03,2.592125745145818883e+02,2.618726051802597112e+02,2.644848303562704359e+02
5.130000000000000000e+03,2.592944193879716863e+02,2.619522824709297879e+02,2.645580385731896058e+02
5.140000000000000000e+03,2.593765735569937192e+02,2.620340528727678588e+02,2.646355189145943996e+02
5.150000000000000000e+03,2.594544232244835484e+02,2.621149862005196383e+02,2.647138271845312261e+02
5.160000000000000000e+03,2.595374191320383943e+02,2.621982468935910333e+02,2.647901808378497890e+02
5.170000000000000000e+03,2.596221113273348919e+02,2.622820022434364091e+02,2.648721408385390532e+02
5.180000000000000000e+03,2.597099593811864224e+02,2.623680689406081683e+02,2.649554056999102158e+02
5.190000000000000000e+03,2.597845260581217985e+02,2.624549152678462178e+02,2.650433226380389442e+02
5.200000000000000000e+03,2.598702455522153514e+02,2.625445641834668322e+02,2.651328835797394277e+02
5.210000000000000000e+03,2.599584498498760468e+02,2.626309353932587669e+02,2.652297959742510898e+02
5.220000000000000000e+03,2.600409569293958043e+02,2.627198771198600866e+02,2.653162965439190657e+02
5.230000000000000000e+03,2.601294119110027054e+02,2.628061866776514535e+02,2.654089562749293236e+02
5.240000000000000000e+03,2.602227591307151897e+02,2.628942485990695559e+02,2.655035582119975288e+02
5.250000000000000000e+03,2.603134938015764419e+02,2.629883728935166687e+02,2.655970579335332218e+02
5.260000000000000000e+03,2.604017027959951065e+02,2.630805172534691110e+02,2.656917965583576802e+02
5.270000000000000000e+03,2.604881272913468706e+02,2.631695826144074317e+02,2.657844508232942644e+02
5.280000000000000000e+03,2.605810280033805952e+02,2.632618185585822062e+02,2.658747922128756045e+02
5.290000000000000000e+03,2.606655908844152236e+02,2.633550023989470787e+02,2.659674511882214460e+02
5.300000000000000000e+03,2.607597042536847312e+02,2.634436122592310312e+02,2.660648809912091792e+02
5.310000000000000000e+03,2.608481903711165728e+02,2.635429410665977912e+02,2.661681145102965615e+02
5.320000000000000000e+03,2.609414651859547121e+02,2.636335549675711718e+02,2.662663058785889802e+02
5.330000000000000000e+03,2.610317312610554836e+02,2.637268583321819051e+02,2.663650610263971998e+02
5.340000000000000000e+03,2.611272848586025361e+02,2.638236335466474429e+02,2.664581697596483423e+02
5.350000000000000000e+03,2.612242566024631287e+02,2.639225141060171040e+02,2.665573961499294455e+02
5.360000000000000000e+03,2.613160267837367314e+02,2.640221312500042359e+02,2.666593732970271731e+02
5.370000000000000000e+03,2.614116574767192560e+02,2.641217544789126350e+02,2.667594444740395261e+02
5.380000000000000000e+03,2.615081403006466303e+02,2.642194960824582495e+02,2.668553049511795621e+02
5.390000000000000000e+03,2.615988967959166303e+02,2.643170401378196743e+02,2.669597063838561439e+02
5.400000000000000000e+03,2.616931372805002525e+02,2.644180617322060698e+02,2.670583999061713030e+02
5.410000000000000000e+03,2.617872979711458470e+02,2.645169980502927842e+02,2.671632033963473418e+02
5.420000000000000000e+03,2.618861548173613301e+02,2.646152061235127348e+02,2.672714070504030701e+02
5.430000000000000000e+03,2.619861213143036593e+02,2.647146149089157348e+02,2.673760404014601590e+02
5.440000000000000000e+03,2.620805032318375538e+02,2.648151144969989446e+02,2.674777680282103347e+02
5.450000000000000000e+03,2.621805545034725355e+02,2.649149073103676528e+02,2.675844070057364092e+02
5.460000000000000000e+03,2.622782574776320530e+02,2.650156646737407300e+02,2.676887259877440215e+02
5.470000000000000000e+03,2.623747227682764560e+02,2.651146200223406026e+02,2.677965495376284366e+02
5.480000000000000000e+03,2.624760800615529206e+02,2.652123203102324851e+02,2.679043844604776723e+02
5.490000000000000000e+03,2.625697499756867046e+02,2.653154460739795013e+02,2.680101972408285178e+02
5.500000000000000000e+03,2.626650347119531261e+02,2.654193019483591343e+02,2.681202224647819889e+02
5.510000000000000000e+03,2.627614533841556295e+02,2.655198527442273075e+02,2.682260879387175692e+02
5.520000000000000000e+03,2.628547482690494235e+02,2.656225993731826520e+02,2.683293943253006546e+02
5.530000000000000000e+03,2.629530015087099741e+02,2.657229914912503546e+02,2.684405676042491109e+02
5.540000000000000000e+03,2.630468672733077824e+02,2.658234292841845559e+02,2.685454350816776810e+02
5.550000000000000000e+03,2.631408191276290154e+02,2.659231057583561437e+02,2.686481411372463413e+02
5.560000000000000000e+03,2.632396947839411041e+02,2.660219864674576229e+02,2.687552663964762587e+02
5.570000000000000000e+03,2.633410989101634527e+02,2.661247305194503951e+02,2.688627156218205414e+02
5.580000000000000000e+03,2.634427886753409211e+02,2.662277342938134552e+02,2.689655266966407794e+02
